'body',2
'4chan',6
'stock',1008
'cheesecakefactory',1
'stockmarket',1531
'turtlebeach',1
'ouster',1
'zymergen',1
'omeros',1
'vistra',1
'jeld',3
'uraniumroyalty',1
'explain',4
'how',10
'invest',71
'nft',87
'nftically',4
'supernuspharmaceuticals',3
'xpologistics',1
'innoviva',1
'biglots',1
'nisuninternationalenterprisedevelopmentgroup',1
'sixthstreetspecialtylending',1
'23andmeholding',1
'bentleysystems',1
'bjswholesaleclubholdings',1
'qualtricsinternational',1
'embraersa',1
'zynga',1
'torontodominionbank',1
'psychecelicstocks',2
'psychedelics',3
'psychedelic',3
'stocks',197
'stockstowatch',21
'money',655
'adaptimmunetherapeutics',1
'medigus',1
'nasdaq',45
'rally',1
'dowjones',5
'oshkosh',1
'commscopeholding',1
'newresidentialinvestment',1
'trading',97
'tradingpatterns',1
'trend',6
'trendchannel',1
'stockanalysis',2
'chartpatterns',1
'charts',2
'opinions',1
'up',1
'down',1
'bull',2
'bear',5
'shortinterest',1
'wierd',1
'rollercoaster',1
'precisionbiosciences',1
'innovativeindustrialproperties',1
'regionsfinancial',1
'capstonegreenenergy',1
'accusations',1
'apnews',1
'apphotoarchvies',1
'elonmusk',9
'law',5
'galectintherapeutics',1
'insider',48
'sale',32
'russia',35
'ukraine',31
'drbrambedkar',2
'constitution',2
'swastikainvestmart',2
'ambedkarjayanti',2
'indianfestivals',2
'stockmarketindex',2
'market',625
'index',4
'indexdata',2
'stocknews',2
'nifty',27
'nse',13
'options',43
'hack',3
'investors',71
'canadianimperialbankofcommerce',1
'pennystocks',7
'jagx',1
'smallcap',4
'ashfordhospitalitytrust',1
'raytheontechnologies',1
'isun',1
'goldmining',1
'finance',121
'yahoo',2
'archerdanielsmidland',1
'cronosgroup',1
'nokia',1
'tech',36
'inhibikasetherapeutics',1
'starbulkcarriers',1
'endeavoursilver',1
'curis',1
'jpmorgan',9
'delta',2
'chinaliberaleducationholdings',1
'kbfinancialgroup',1
'istar',1
'amc',9
'gme',2
'switch',2
'yunhongcti',1
'exelixis',1
'rumbleon',1
'curevac',1
'hedgefunds',14
'cboe',12
'investments',22
'ballardpowersystems',1
'suncorenergy',1
'webull',2
'free',7
'lasvegassands',1
'helenoftroy',2
'permianvilleroyaltytrust',2
'tesla',8
'twitter',6
'berkshiregrey',2
'activisionblizzard',1
'beyondspring',2
'biogen',1
'theratechnologies',1
'gbs',1
'piedmontlithium',1
'cnhindustrial',1
'musclemaker',1
'novointegratedsciences',1
'key',1
'annovisbio',1
'arko',1
'aveopharmaceuticals',1
'purchase',20
'lightningemotors',1
'cohbar',1
'philipmorrisinternational',1
'aehrtestsystems',1
'wish',3
'wallstreetbets',5
'toughbuiltindustries',2
'adverumbiotechnologies',2
'skywatertechnology',1
'ringenergy',1
'geminitherapeutics',1
'tencentmusicentertainmentgroup',1
'usstock',3
'airgain',1
'trevitherapeutics',1
'standardlithium',1
'alfi',1
'lakelandindustries',1
'teckresources',1
'stocksinfocus',3
'investing',130
'bitcoin',116
'btc',81
'bitcoin2022',2
'bitcoinunleashed',1
'cathiewood',2
'crypto',252
'cryptocurrency',95
'cryptonews',11
'cryptocurrencynews',4
'stockstobuy',11
'laredopetroleum',1
'entrepreneurship',4
'allinforkids',1
'bankofnewyorkmellon',1
'powerbridgetechnologies',1
'scorpiotankers',1
'izeaworldwide',1
'goldenentertainment',1
'broadwayfinancial',1
'playstudios',1
'brooklynimmunotherapeutics',1
'poshmark',1
'cazoogroup',1
'repromedsystems',1
'entergy',2
'datastorage',3
'tymetechnologies',2
'ammo',2
'wahfueducationgroup',1
'opensea',10
'nftcommunity',13
'nftdrop',7
'mafiabears',3
'erc720',4
'playtoearn',8
'caratherapeutics',1
'biomarinpharmaceutical',1
'applieddnasciences',1
'csx',1
'annalycapitalmanagement',1
'intrepidpotash',1
'chemomabtherapeutics',1
'gold',39
'imacholdings',1
'spireglobal',1
'orthofixmedical',1
'spidermannowayhome',2
'krispykreme',1
'archresources',2
'sandridgeenergy',2
'esperiontherapeutics',2
'nutrien',1
'halladorenergy',4
'flotekindustries',2
'idex',1
'novartisag',1
'airspannetworksholdings',1
'humana',1
'innoviztechnologies',1
'arqitquantum',1
'timing',10
'es_f',4
'nq_f',4
'spx',5
'ndx',4
'spy',7
'lejuholdings',1
'elastic',1
'youtube',8
'livestreamer',2
'ultimateindicator',2
'morganstanley',2
'yield',2
'valueinvesting',8
'investor',52
'dividend',6
'investment',122
'freyrbattery',1
'wisdomtreeinvestments',1
'genoceabiosciences',2
'rh',1
'buybacks',1
'aquestivetherapeutics',2
'oncolyticsbiotech',1
'disney',3
'coin',4
'siyatamobile',1
'shiftpixy',1
'adamispharmaceuticals',1
'mistrasgroup',1
'newellbrands',1
'permrockroyaltytrusttrust',1
'elmo',1
'allergies',1
'madmoney',1
'oncocyte',1
'nuvveholding',1
'natera',1
'liquidmediagroup',1
'dupontdenemours',1
'goldennuggetonlinegaming',1
'inflarx',1
'bpprudhoebayroyaltytrust',1
'eargo',1
'fintwit',8
'dukeenergy',1
'altimmune',2
'cheatcode',2
'daytrading',35
'fortune500',1
'futures',3
'cortexyme',3
'mict',2
'coursera',1
'music',4
'corporate',3
'inspirational',1
'video',5
'media',2
'oneconnectfinancialtechnology',1
'hubgroup',1
'g1therapeutics',1
'chromadex',1
'fortinet',1
'filmmaking',1
'footage',1
'martinmidstreampartners',3
'albertsonscompanies',2
'rocketlabusa',2
'kalapharmaceuticals',1
'kaleidobiosciences',1
'erosstxglobal',4
'allenapharmaceuticals',3
'nextplaytechnologies',2
'largeloads',1
'fomo',1
'shortsqueeze',1
'buy',5
'hodl',7
'hodling',1
'apes',1
'bullishaf',1
'wallstreet',20
'1000xgem',1
'runit',1
'tutes',1
'buying',2
'stonk',1
'elilillyco',1
'big5sportinggoods',1
'argan',1
'neurocrinebiosciences',1
'rut',2
'rty_f',2
'pharmacytebiotech',1
'lyft',2
'expworldholdings',1
'magnite',1
'eastmankodak',1
'leaptherapeutics',2
'sonygroup',1
'funko',2
'tsla',5
'cars',7
'technology',40
'airlines',1
'diffusionpharmaceuticals',4
'stockmarketindia',10
'campingworldholdings',1
'medicinova',1
'athersys',4
'neptunewellnesssolutions',2
'arcadiabiosciences',1
'nabrivatherapeutics',1
'mastercard',2
'canadianmining',1
'mining',13
'miningnews',1
'miningsecrets',1
'miningstocks',1
'bcmining',1
'yukonmining',1
'saskmining',1
'criticalminerals',1
'canada',21
'journalists',1
'dinokurtschrader',1
'pac',1
'progressives',1
'apreatherapeutics',1
'today',7
'usenergy',1
'algofam',1
'apple',4
'trade',16
'northerndynastyminerals',1
'google',9
'googl',7
'goog',7
'epic',8
'internet',9
'monster',9
'gaintherapeutics',1
'beta',1
'honeywellinternational',1
'happinessdevelopmentgroup',1
'bp',1
'pixelworks',1
'materialise',1
'deerecompany',1
'immutep',1
'transglobeenergy',1
'tianruixiangholdings',1
'biolase',1
'uipath',1
'cashflow',1
'nftgiveaway',5
'profile',26
'fundamental',24
'technical',35
'sibanye',2
'snap',3
'vbivaccines',4
'vtvtherapeutics',1
'silver',10
'metals',7
'markets',59
'opkohealth',2
'kinrossgold',1
'advanced',1
'carvana',1
'artelobiosciences',1
'target',2
'citigroup',2
'hut8mining',1
'nineenergyservice',1
'suncokeenergy',1
'perficient',1
'bhil',1
'investingtips',2
'dynatrace',1
'nifty50',6
'niftyfuture',1
'niftybank',5
'robinhoodapp',1
'nextieroilfieldsolutions',1
'takedapharmaceutical',1
'sabre',1
'arbutusbiopharma',1
'aerovironment',1
'forex',41
'rekorsystems',1
'radiangroup',1
'newyorktimes',1
'education',6
'stockstotrade',1
'optionstrading',12
'aemetis',1
'durect',1
'warrenbuffett',2
'berkshire',1
'engineering',2
'innovation',16
'management',16
'expertprofessionals',1
'volatility',12
'optionsflow',9
'socialmedia',4
'twilio',1
'streaming',1
'vf',1
'electrameccanicavehicles',1
'sea',1
'paloaltonetworks',1
'albemarle',1
'insidertrade',1
'shares',7
'smartmoney',2
'parsons',1
'ramacoresources',1
'sempra',1
'digitalturbine',1
'syntheticbiologics',1
'rockwellautomation',1
'staffing360solutions',4
'bern',1
'miners',2
'bitcoins',3
'bitfarms',1
'envericbiosciences',2
'optiontrading',9
'purplebiotech',3
'opendoortechnologies',2
'tricktrades',2
'qqq',5
'aapl',5
'amd',2
'fb',2
'twtr',4
'e',1
'cfindustriesholding',1
'zynex',1
'pressrelease',2
'zyxi',1
'mathovermyth',1
'humbl',1
'hmbl',1
'humblnation',1
'nfts',24
'web3',19
'otc',9
'fintech',36
'fintwitter',1
'stocksinnews',2
'chevron',1
'proterra',1
'royalcaribbeangroup',1
'uniqure',1
'winnebagoindustries',1
'bellushealth',1
'buythedip',1
'nvidia',1
'lowerprices',1
'zedge',1
'express',4
'aytubiopharma',2
'sanjuanbasinroyaltytrustubi',1
'goldenoceangroup',1
'englobal',1
'social',3
'stocktowatch',2
'facebook',2
'instagram',1
'tiktock',1
'coppa',1
'astrology',2
'predictions',2
'signals',4
'sunspots',2
'chemocentryx',2
'stonks',3
'trillion',2
'nikkeistyle',1
'nikkei',1
'telecommunications',1
'nigeria',22
'topvolume',3
'vertexenergy',2
'appliedmaterials',1
'agriculture',1
'topgainers',3
'cocrystalpharma',1
'pinterest',1
'invivotherapeuticsholdings',1
'boozallenhamiltonholding',1
'covid19',5
'telos',1
'eihotel',1
'global',13
'desktopmetal',1
'amgen',1
'baudaxbio',1
'blackskytechnology',1
'inflation',49
'ppi',2
'arcturustherapeuticsholdings',1
'gravity',1
'oramedpharmaceuticals',1
'shibainu',2
'matic',1
'apa',1
'aikidopharma',1
'oragenics',1
'luxury',1
'flowergarden',1
'iterumtherapeutics',1
'slice',1
'doge',3
'dogecointothemoon',1
'ethereum',29
'agrify',1
'americanequityinvestmentlifeholding',1
'intel',1
'skillz',1
'financialfreedom',6
'stjoe',1
'halozymetherapeutics',2
'ideanomics',1
'trimble',2
'lululemonathletica',2
'sanofiads',3
'flutterentertainment',1
'gaming',11
'qualcomm',2
'tradeideas',1
'optionstrade',4
'uoa',3
'cams',1
'kindermorgan',1
'oracle',2
'eth',31
'uraniumenergy',1
'promo',3
'blsinternational',1
'stocksmarket',1
'pfof',2
'freestock',1
'hemispheremediagroup',1
'metenholdinggroup',1
'nordstrom',1
'financial',25
'services',5
'toplosers',1
'downtick',1
'stockprice',3
'co',5
'cleanspark',3
'news',46
'twittershareholders',1
'college',1
'calpoly',1
'slo',1
'yield10bioscience',4
'seanergymaritimeholdings',3
'plbygroup',2
'nielsenholdings',2
'airbnb',1
'cloudflare',2
'banking',65
'uptick',2
'siliconmotiontechnology',2
'bankofbaroda',1
'pnb',2
'icicibank',1
'indusindbank',1
'cyren',2
'sbi',4
'federalbank',2
'ausmallfinance',1
'stockmarketupdate',4
'shareholders',4
'dyk',1
'zosanopharma',1
'sensex',9
'hdfc',7
'hdfcbank',8
'marutisuzuki',2
'drreddyslabs',2
'asianpaints',1
'bse',11
'blockchain',60
'joinus',2
'protonchain',2
'americanresources',3
'itc',2
'sunpharma',2
'hul',1
'ntpc',1
'tatamotors',1
'ai',16
'wireless',4
'beamglobal',1
'ongc',1
'apollohospital',1
'upl',1
'ranitherapeuticsholdings',1
'slm',1
'telecommunication',2
'jetblueairways',1
'affirmholdings',1
'canopygrowth',1
'commodities',8
'copper',2
'cere',1
'wealthcreation',1
'cannabis',2
'psychedelicstocks',1
'otcmarkets',7
'health',11
'legalizeit',1
'healthylifestyle',3
'nature撮影会',1
'oculartherapeutix',2
'cybin',2
'plugpower',1
'9metersbiopharma',2
'graphicdesign',5
'design',3
'image',1
'images',1
'business',100
'fbbcapitalpartners',2
'sierraoncology',3
'citiuspharmaceuticals',2
'proqrtherapeutics',3
'longterm',4
'marcusmillichap',1
'seraprognostics',1
'esg',4
'pricing',1
'prices',3
'treehousefoods',1
'nanostringtechnologies',3
'partnercommunications',2
'intercontinentalexchange',2
'corsairgaming',1
'globusmaritime',1
'geron',1
'altoingredients',1
'maxpain',2
'gamestop',1
'nyse',28
'technicalchart',1
'1day',1
'possiblity',1
'netscoutsystems',1
'analysis',10
'buildyouranalytics',1
'victorycapitalholdings',2
'chemical',6
'paints',1
'fomentoeconomicomexicanosabdecv',1
'breakoutstocks',1
'tradingtips',2
'trader',16
'breakout',1
'canon',1
'walkerdunlop',1
'websterfinancial',1
'highpeakenergy',1
'mercurysystems',2
'elliottwave',15
'mrna',2
'stocktrading',2
'daytrader',4
'smart',2
'smarternotharder',1
'parkhotelsresorts',2
'industrynews',3
'lettingagents',1
'estateagents',1
'rightmove',1
'marketing',28
'propertyindustry',1
'c4therapeutics',1
'capricortherapeutics',1
'stockmarkets',8
'stocktobuy',4
'fianaces',4
'rfindustries',1
'progholdings',1
'oil',9
'agreerealty',1
'rcmtechnologies',1
'mara',1
'gritstonebio',2
'rt',7
'wallstreetsignalss',6
'meta',4
'etf',814
'metaverse',23
'cryptotrading',5
'altamiratherapeutics',2
'endralifesciences',4
'globalstar',1
'rise',3
'earnings',5
'season',8
'qualigentherapeutics',6
'canoo',1
'marinsoftware',1
'musk',1
'cryptos',3
'nzdjpy',2
'nzd',3
'jpy',3
'currency',239
'forexsignals',8
'forextrading',10
'comstockmining',2
'bel',1
'cyberrodeo',1
'judas',1
'retail',10
'golf',1
'volume',2
'beyondmeat',1
'quantumscape',1
'hillmansolutions',1
'preciousmetals',1
'trades',3
'fossil',1
'picks',3
'wpcarey',1
'kanditechnologiesgroup',1
'jabil',1
'zoominfotechnologies',1
'gbpaud',3
'gbp',29
'johnsonjohnson',1
'coinbase',7
'altcoin',10
'cryptocurrecy',3
'rs5series',1
'revaro',1
'brickmakingmachine',1
'semiautomatic',1
'pallets',1
'moulds',1
'panmixer',1
'beltconveyor',1
'maxi',1
'bauschhealthcompanies',2
'trytaat',1
'taat',1
'richtvlive',1
'richtv',1
'ceo',9
'interview',5
'mammothenergyservices',3
'biocrystpharmaceuticals',3
'data',26
'blog',2
'python',3
'fed',10
'abolishthemonarchy',1
'workhorsegroup',1
'dawsongeophysical',1
'profit',14
'shorts',5
'funds',10
'india',40
'coinbaseglobal',1
'deutschebankaktiengesellschaft',1
'metaplatforms',1
'bagtalk',1
'bicycletherapeutics',1
'anandrathi',2
'stockbroker',2
'sharemarket',5
'wealth',32
'stockmarketnews',2
'goldmansachsgroup',1
'dogecoin',9
'computers',1
'upfintechholding',2
'bedbathbeyond',2
'ecigarette',2
'rlx',2
'elysgametechnology',2
'unitedairlinesholdings',1
'sphere3d',2
'wellsfargoco',1
'zomedica',1
'sockinvestments',1
'stockinvestments',1
'stocksanalysis',1
'stockstrading',1
'quantum',4
'uniquest',3
'registeredinvestmetadvisory',1
'portfolios',1
'advisory',3
'topfiveperformersoftheday',1
'pingidentityholding',2
'ater',1
'aterian',1
'crude',2
'tgtherapeutics',1
'bearish',2
'stochastic',1
'veriskanalytics',1
'vrsk',1
'tradedcoder',1
'algotrading',1
'neovasc',1
'ticker',3
'cleanenergyfuels',1
'uswellservices',2
'turningpointbrands',1
'dna',1
'steel',2
'bilibili',1
'carmax',1
'aclarion',1
'ipo',8
'otis',1
'elevator',1
'elevators',1
'escalator',1
'escalators',1
'worldwide',1
'shifttechnologies',1
'alphabet',1
'stryvefoods',1
'beachbumtrading',4
'obci',4
'starbucks',2
'financialinstruments',1
'mutualfundsahihai',1
'insurance',14
'fixeddeposit',1
'update',4
'sonnetbiotherapeuticsholdings',2
'riteaid',2
'hepionpharmaceuticals',1
'incyte',2
'vipshopholdings',2
'nike',1
'bank',674
'snb',2
'tadawul',2
'saudinationalbank',2
'histogen',2
'blackberry',1
'carlotz',1
'bankofamerica',5
'tmcthemetals',1
'merckco',1
'equities',6
'hightide',1
'wellsfargo',3
'xm',1
'xmtechnicalanalysis',1
'xm_com',1
'patterson',1
'backstock',2
'usa',23
'price',11
'readystock',2
'usastock',2
'fuelcellenergy',2
'dividendinvesting',1
'bigboygoals',1
'aol',1
'iphone',1
'lexiconpharmaceuticals',2
'supremebearings',1
'bloemfontein',1
'bearings',1
'tellurian',1
'avn',1
'kse100',9
'psx',7
'pakistan',24
'marketswithft',2
'flattrade',2
'verbtechnology',1
'mlcf',1
'fordmotor',1
'vizioholding',1
'palantirtechnologies',1
'tantechholdings',1
'thanks',1
'trg',1
'edesabiotech',1
'ghni',1
'unity',2
'ggl',1
'tele',1
'block',2
'sunopta',1
'insidertrading',1
'accenture',1
'akerna',1
'agiletherapeutics',1
'westwaterresources',1
'auriniapharmaceuticals',1
'akebiatherapeutics',1
'bankingapp',1
'jkbank',1
'jammukashmir',1
'loan',23
'cambodia',2
'digitalbanking',4
'trends',5
'digitalproducts',1
'questions',4
'answers',4
'chase',2
'chennai',2
'exclusive',1
'fishermen',1
'infrastructure',7
'climatecrisis',2
'mexico',3
'argentina',1
'holidays',2
'rbi',16
'account',4
'vqf',1
'kyc',5
'aml',2
'fullregulated',1
'industry',7
'kvb',4
'karurvysyabank',4
'smartwaytobank',4
'onlinebanking',4
'mahavirjayanti',2
'lordmahaveer',1
'greaterbank',1
'mumbai',2
'cash',12
'korea',2
'policy',5
'rate',4
'soars',1
'channelnewsasia',3
'abandoned',3
'missouri',3
'yingbo',2
'safes',2
'safeandvaults',2
'office',2
'securevault',2
'saferoom',2
'homesafe',1
'card',3
'payments',14
'japan',6
'globaldata',1
'creditcard',3
'debitcard',1
'digitalpayment',1
'cardpayment',1
'deathcross',4
'blackrock',4
'busey',1
'illinoisrealestate',1
'court',4
'someone',1
'investigate',1
'premierlending',1
'china',20
'australia',8
'bankofchina',1
'chinese',4
'interestrates',10
'krbt',12
'korean',14
'transfer',14
'peso',12
'won',12
'bank_of_canada',1
'central_bank',1
'ethiopia',5
'mortgage',8
'rates',7
'realestateinvesting',3
'profits',3
'recession',4
'bankstocks',1
'lrc',3
'portfolio',8
'language',2
'l222',1
'cripto',1
'israeli_army',1
'middle_east',4
'west_bank',17
'israeli',15
'army',3
'west',25
'hongkong',6
'ransomware',9
'blaming',9
'dollar',29
'robbed',9
'gymnast',1
'gymnastics',1
'daylight',2
'lgbtq',1
'trans',2
'binance',8
'fantom',2
'spookyswap',1
'banklessdao',1
'eee',1
'egypt',2
'ceooftheyear',1
'leadership',1
'community',12
'bankers4good',1
'bankers',2
'banks',9
'foreigndebts',2
'privatization',2
'npa',4
'modi',3
'swiss',3
'raifeissen',1
'stripclub',1
'tinder',1
'fraud',11
'pierinvincenz',1
'stripclubs',1
'russian',17
'assets',17
'placeholder',1
'vendor',1
'boc',4
'sarkarinaukri',2
'bankjobs',2
'governmentjob',2
'uniswap',7
'uniswapgem',1
'defi',24
'altcoins',8
'altcoinseason',1
'altseason',2
'altseason2022',2
'100x',1
'100xgem',1
'financialservices',5
'abn_amro',2
'gt',1
'interest',3
'xglobalmarkets',3
'germanamericanbank',1
'photography',2
'photos',1
'interesting',1
'gym',1
'treadmill',1
'suppliers',3
'hook',1
'massachusetts',1
'top',4
'topbank',1
'td',1
'santander',1
'newyork',3
'amberheard',1
'johnnydepp',1
'syria',5
'central',6
'usd',13
'exchange',32
'syp',1
'iran',7
'jeffbezos',7
'paranormal',7
'weed',7
'hiphop',6
'poverty',4
'nickiminaj',2
'raw',2
'czech',3
'civilbenefits',3
'highstreet',1
'factory',1
'uncovered',1
'workshop',2
'transparency',3
'fashion',3
'union',1
'circle',2
'freeshipping',4
'ayeway',2
'sharious',4
'canadianbestseller',4
'product',6
'26800mah',1
'battery',4
'charger',2
'displayexternal',1
'international',10
'amro_bank',1
'historic',1
'jamiedimon',1
'creditunion',5
'smb',2
'cdwsocial',2
'yxe',1
'bankofcanada',1
'yqr',1
'skpoli',1
'cdnpoli',1
'tni',2
'automated',2
'security',14
'bollards',1
'bogs',1
'team',2
'functional',1
'system',4
'visit',1
'never',1
'ever',1
'wef',1
'socialcreditsystem',1
'digitalmoney',1
'survive',1
'milk',1
'fruits',1
'commercial',4
'spam',1
'personaldata',1
'software',6
'virus',1
'ssc',3
'english',2
'afghanistan',5
'kabul',2
'darkdays',1
'displacement',1
'starvation',1
'hunger',1
'humiliation',1
'prevent',1
'genocide',2
'afg',1
'seeking',1
'alpha',1
'spotlight',1
'uae',7
'cbuae',1
'cnn',1
'nasdaq100',2
'sqqq',1
'srs',1
'skf',1
'chronic',3
'gbpcad',3
'pound',28
'work',4
'goals',1
'recognition',1
'reverence',1
'punjab',2
'fintechs',2
'fisemerald',2
'aljazira',1
'caribean',1
'cab',1
'association',1
'responsibility',1
'positivechange',1
'sustainablegrowth',1
'unitednations',1
'climateaction',3
'bully',1
'arab',1
'foreclosure',4
'home',6
'boxes',1
'gary',2
'indiana',2
'lock',1
'supremecourt',1
'nagaland',2
'arrested',1
'bengal',1
'broad',1
'farakka',1
'homeslider',1
'robbery',3
'state',1
'topnews',1
'westbengal',1
'bangladesh',3
'debt',9
'power',6
'homebuyer',1
'remax',1
'coldwellbanker',1
'zillow',1
'altbalaji',1
'anjaliarora',1
'answer',1
'avoid',1
'blood',3
'fan',1
'funny',1
'gave',1
'kanganaranaut',1
'karanvirbohra',1
'lockupp',1
'munawarfarooqui',1
'mxplayer',1
'nisharawal',1
'open',2
'p',1
'exim',1
'recruitment',1
'vacancies',1
'officer',1
'latest_updates',1
'govt_jobs',1
'techbignews',5
'alkemics',1
'amazon',18
'boston',3
'empathyengine',1
'jobs',7
'karachi',2
'carolinapanthers',2
'of',3
'america',10
'stadium',3
'framed',2
'blueprint',2
'nfl',3
'football',5
'nflfans',2
'slovak',1
'national',4
'helpukrainenow',1
'auto',3
'fmcg',2
'banknifty',7
'rbnz',2
'newzealand',4
'naturaldeposit',3
'atm',5
'cashmachine',1
'japanese',4
'yen',4
'monetary',5
'timings',1
'sbp',1
'statebankofpakistan',2
'kotakbank',3
'sharemarketindia',1
'hdfctwins',1
'drreddy',1
'hindunlvr',1
'hk',1
'scam',4
'nbfc',6
'indian',5
'lka',2
'srilanka',7
'fitch',2
'delhihighcourt',1
'openbanking',1
'development',8
'project',7
'easterholidays',1
'cityoflondon',1
'stpaulscatherdral',1
'southbank',1
'military',5
'bigsocietycapital',1
'billgates',1
'europe',9
'bitcoinnews',2
'cryptobank',1
'cryptoworld',1
'seba',1
'israel',13
'nablus',1
'odogunyan',1
'odokekere',1
'sagamu',1
'ogun',1
'ogunstate',1
'4thmainlandbridge',1
'naija',1
'clothing',1
'france',4
'raids',2
'neurodiverse',1
'inclusive',1
'consumer',3
'us',12
'central_asia',1
'world_bank',5
'economic',9
'world',16
'asia',7
'party',1
'equity',17
'indianbank',1
'london',7
'instrument',1
'manufacturers',3
'exporters',2
'robot',2
'robotics',1
'kavenaugh',1
'udin',1
'audit',8
'moc',1
'bankholidays',1
'holiday',4
'brahmastra',1
'ramadanmubarak',4
'qatar',5
'doha',2
'bankinqatar',1
'accounts',3
'aiethics',2
'machinelearning',3
'deeplearning',2
'iot',9
'100daysofcode',2
'insurtech',2
'nocode',2
'cybersecurity',15
'cybersecurite',2
'theft',4
'crime',2
'violence',1
'unemployment',1
'thieves',1
'tripura',2
'criminal',2
'rohingya',1
'bjp',3
'agartala',1
'amitshah',1
'queensland',1
'emergency',3
'zero',1
'euro',7
'singapore',9
'topasiafx',3
'worst',1
'service',4
'harassment',1
'chartoftheday',1
'bandhan',3
'taiwan',2
'rises',2
'compliance',7
'women',5
'government',13
'shrivinayakbank',2
'cooperativebank',2
'securefuture',2
'bankservice',2
'billpay',1
'billpayservices',1
'visitbranch',1
'vinayaksahakari',2
'shrivinayaksahakari',2
'savings',2
'ahmedabad',1
'since2001',2
'csr',1
'csrinitiative',1
'brand',2
'brandcsr',1
'slsv',1
'slsvindia',1
'sibdi',1
'dicci',1
'device',1
'plastic',1
'plasticbottle',1
'bcom',1
'bba',1
'fincorpcredit',1
'fastandflexiblefood',1
'chapakazibilawasiwasi',1
'wking',1
'12000mah',1
'60w80w',1
'racist',1
'corrupt',2
'blackmail',1
'creepylobby',1
'dirtierthanabanker',1
'dumberthanabanker',1
'racism',1
'senegal',1
'dakar',1
'yuan',4
'status_of_jerusalem',3
'capital_city',3
'electricity',3
'jerusalem',3
'digital',55
'statistics',1
'finserv',3
'digitization',1
'digitaltransformation',3
'cx',3
'ux',2
'bigdata',1
'mobile',1
'meezan',1
'leads',1
'pkr',2
'billion',6
'supply',1
'chains',4
'chief',2
'centraleurope',3
'computersecurity',1
'cybercrime',1
'cyberwarfare',1
'brazilian',1
'financialinstitution',1
'dnfbp',1
'casino',4
'pub',1
'club',1
'wagering',1
'bookmakers',1
'tdbank',2
'3percent',1
'pledge',1
'fishing',1
'beginners',1
'kuda',1
'kudaforafrica',1
'the_world_bank',1
'kyiv',4
'riskmanagement',4
'tuesdaythrowback',1
'firstindependence',1
'partnership',3
'yieldfarming',1
'chengalam',1
'eats',1
'fence',1
'harvest',1
'high',1
'rules',1
'simplii',1
'customerservice',2
'history',2
'worldhistory',1
'hhepodcast',1
'podcast',6
'poses',1
'african',1
'benchmark',1
'kidnap',1
'real',5
'package',2
'war',14
'payment',6
'fund',998
'pfm',1
'idmgmtchat',1
'employees',3
'phishing',2
'oops',1
'globiancedex',3
'nanoverse',4
'globiance',6
'xinfin',4
'gbex',4
'cex',7
'dex',9
'iso20022',4
'regulation',6
'likely',1
'strategist',1
'rocketing',1
'report',4
'economy',33
'srilankaeconomiccrisis',2
'conspiracy',1
'help',4
'people',10
'career',4
'icai',1
'bonds',9
'access',1
'accessbank',1
'asic',1
'macquarie',1
'monitoring',2
'kotak',2
'forgery',1
'tdcanadatrust',1
'disaster',3
'clownshow',1
'danish',3
'dpa',1
'danskebank',2
'gdpr',3
'regulator',2
'stake',3
'coverage',1
'faysal',1
'tpl',1
'life',9
'takaful',1
'school',1
'playground',1
'furniture',2
'pickup',1
'mercedes',1
'vehicle',1
'financing',4
'wainfleet',1
'fino_payments_bank',1
'athletics',1
'track',3
'consultants',2
'holly',1
'adventure',1
'choice',1
'choose',1
'fox',1
'gamebook',1
'gamedev',16
'indiedev',17
'marlin',1
'noproperthief',1
'robber',1
'rooster',1
'zebra',1
'zebrafox',1
'european',6
'whistleblowers',1
'do',1
'bco',1
'brinks',1
'piggybank',3
'diecast',1
'diecastcollectors',1
'vintagebank',1
'antiquecars',1
'bankcollectors',1
'originalbox',1
'vintagecars',2
'modelt',1
'modelcars',1
'coastal',1
'vintage',4
'petroleum',1
'mancave',1
'giftideas',1
'cbdc',5
'reserve',2
'viral',2
'topic',1
'listings',4
'toronto',1
'gta',1
'ontario',1
'mobilepayment',1
'momo',2
'mtn',1
'psb',1
'portugal',2
'ec',1
'knoldus',1
'legacysystem',1
'aws',1
'paypal',2
'trendmicrocheck',1
'infosec',4
'verification',1
'conversations',1
'fakecalls',2
'kaspersky',1
'phone',1
'trojan',2
'bankingfrontiers',1
'complaince',1
'techmahindra',1
'icici',3
'brokerage',1
'share',5
'housing',6
'fanniemae',1
'freddiemac',1
'mortgages',3
'lending',6
'hdfcmerger',1
'businessnews',2
'brandzwatch',1
'pitch',1
'maintenance',3
'pishill',1
'test',8
'solutions',6
'manual',7
'construction',4
'estimating',1
'using',1
'excel',1
'edition',4
'blackhistory',1
'maggielwalker',1
'blackhistorymoney',1
'knowyourstory',1
'juliusbaer',1
'sanctioned',1
'energy',15
'rosneft',1
'vtb',1
'azerbaijani',1
'khabarhub',1
'nepal',2
'slf',1
'borrowing',1
'newrecord',1
'nrb',1
'bfis',1
'userexperience',1
'covid',7
'consultantsreview',1
'mses',1
'fintechnews',2
'jobberlin',1
'hrjob',1
'hiring',3
'ariananews',1
'iea',1
'malekaan',1
'reports',1
'statebank',1
'rebuts',1
'rda',1
'invasion',2
'says',1
'shrink',2
'will',2
'tradingview',2
'trendingnow',2
'bullish',3
'fixeddeposits',1
'indianoverseasbank',1
'latestfdrates',1
'city',3
'urban',1
'winter',2
'waiting',2
'door',1
'entrance',1
'streetphotography',1
'employee',2
'chartofhteday',1
'technicals',2
'allaboutcharts',1
'bankniftyfuture',1
'eu',3
'ebrd',1
'dataprotectionagency',1
'centralbanks',3
'cbdcs',3
'di',1
'paymentsolutions',2
'instaapr',1
'ukrainewar',4
'putin',8
'autocracy',1
'petromafia',1
'corruption',3
'bigoil',1
'fossilfuel',2
'divestment',1
'corporation',2
'sanctions',4
'ciobulletin',2
'finace',1
'nom',1
'breakevenrates',1
'performance',6
'spreads',1
'centralbank',2
'added',2
'before',5
'reserves',2
'cedi',4
'legaltender',2
'axisbank',1
'retailbanking',1
'risk',13
'firstbanknigeria',1
'accounting',4
'clientexperience',1
'customerexperience',1
'bankingmadesimple',1
'ecb',3
'meeting',1
'good',1
'friday',2
'review',5
'ci2022',1
'ci2023',1
'public',5
'excellence',1
'private',6
'best',2
'coopetition',1
'bankholiday',1
'curve',1
'curvecard',1
'revolut',1
'gpay',2
'googlepay',1
'ytshorts',1
'howto',1
'fidc',2
'capital',653
'nonbanking',2
'tax',24
'paymentsystemoperators',2
'reservebankofindia',2
'sdf',1
'repo',1
'liquidity',5
'tickertv',1
'msmeloan',1
'loans',9
'yesbank',2
'capitalcom',1
'thankfultuesday',1
'canara',1
'malware',1
'bots',1
'ddos',1
'solution',3
'ddosmitigation',1
'haltdos',1
'cbi',1
'deported',1
'niravmodi',1
'digitalbank',1
'blockchainheadlines',1
'anyamount',1
'instantcash',1
'we',1
'ruble',3
'usdt',6
'reliance',3
'venmo',1
'p2p',2
'bmo',1
'corebanking',2
'voiceofcustomer',2
'echealthtech',1
'extracrunchec',1
'fertility',1
'fertilityplanning',1
'identitymanagement',1
'certification',1
'g',1
'tlac',1
'sentenced',1
'federal',3
'prison',1
'bomb',1
'encroachment',1
'property',5
'monument',1
'propertytax',1
'vote',1
'politics',3
'reason',1
'anti',1
'breedings',1
'negligence',1
'fnbsf',1
'merger',3
'mna',1
'bankmerger',1
'bankregulatory',1
'riyad',1
'appalled',1
'bankofametica',1
'spherion',3
'part',1
'asheville',3
'job',6
'chasebank',1
'nontraditional',1
'pnc',1
'blocked',2
'can',2
'cases',2
'certain',2
'purchases',2
'reminds',2
'spain',2
'transaction',2
'ban',3
'love',10
'communitybanks',1
'xrc',1
'sns',1
'scholarship',2
'dao',3
'amm',1
'vr',1
'cloud',2
'strage',1
'artist',4
'talentshow',1
'sharepoint',1
'yields',1
'fillablepdf',2
'pdfform',2
'pdf',2
'editablepdf',2
'fillablepdfform',2
'certificateediting',2
'certificateedit',2
'uk',9
'editing',2
'editor',2
'documen',1
'3dmatestarter',1
'moneybank',1
'emoji',1
'3dmate',1
'3dpen',1
'3dpendrawing',1
'3dpencreation',1
'madewith3dmate',1
'3dpenmat',1
'3dpenart',1
'api',2
'bankapiintegration',1
'apiintegration',1
'apibanking',1
'easter',1
'swindon',1
'charity',2
'lifemademore',1
'bakeit',1
'fundraising',4
'tsbpride',1
'fundraiser',2
'growth',20
'colombia',2
'carbon',2
'realtor',3
'powerofsale',1
'banksale',1
'distres',1
'everearn',1
'staking',5
'apy',3
'stablecoin',6
'remotework',1
'culture',1
'teller',2
'وزیرِاعظم_شہبازشریف',1
'stockpicks',1
'citi',4
'socgen',1
'cpi',3
'q4results',1
'16april',1
'nowplaying',1
'upsc',1
'currentaffairs',1
'condo',1
'broker',4
'wfc',1
'tunbridgewells',2
'literaryfestival',2
'fireblocks',1
'boe',2
'kathmandu',1
'luxurycars',1
'foreign',4
'import',1
'नेपाल',1
'nepalgovt',1
'काठमाडौं',1
'nepali',1
'deposits',5
'companyformation',1
'ireland',4
'econtwitter',3
'fossilfuels',1
'attacks',1
'forces',7
'unarmed',1
'palestinian',3
'kill',2
'tomb',1
'palestinians',8
'shoot',1
'woman',2
'armenia',1
'ussdserviceupgrade',1
'firstbankservices',1
'brandcomnews',1
'taxes',5
'taxreturn',1
'hrblock',1
'turbotax',1
'memetc',1
'tradecrypto',1
'tc',1
'karnataka',2
'kannadiga',1
'ಕನ್ನಡದವರುಬೇಕು',1
'checkscanner',1
'executives',1
'startup',11
'police',3
'eur',5
'dataprotection',1
'dataprivacy',1
'phonepe',2
'addbankaccount',1
'phonepeapp',1
'reversereporate',1
'bankg',1
'5_letter_domain',2
'bankb',1
'ladysandradirkson',1
'god',2
'prayers',2
'prayerwarriors',1
'motivacion',1
'quote',8
'trustgod',1
'bible',1
'ministry',2
'biblestudy',1
'prayer',1
'winner',2
'nomination',2
'mercury',1
'makingmoney',1
'vaccines',2
'immunity',1
'cancers',1
'ak61',2
'ajithkumar',1
'hvinoth',1
'lendingrates',1
'coopbankoromia',1
'fuckbanking',1
'capitalistscum',1
'payments2022',1
'railway',1
'rail',1
'train',1
'nighttube',1
'centralline',1
'northernline',1
'victorialine',1
'piccadillyline',1
'londonunderground',1
'transportforlondon',1
'worldbank',1
'ukrainecrisis',1
'boj',1
'international_humanitarian',1
'minimumwage',1
'recruiting',1
'trademark',1
'lawyer',2
'legal',13
'lawfirms',1
'partners',1
'ip',6
'lowers',1
'majority',1
'new',8
'jump',1
'quarter',1
'record',1
'acceleration',2
'scmp',1
'lying',1
'readibay',1
'sorelleamorefinance',1
'breaking',3
'ethics',4
'philanthropy',1
'warcrimes',1
'weather',7
'golfer',1
'tennis',1
'boat',1
'firefighters',1
'manhattan',3
'parent',1
'cannabiscommunity',1
'societegenerale',1
'interros',1
'rosbank',1
'bankholidaylist',1
'ukrainerussiawar',1
'customerexpectations',1
'coresystem',1
'baserates',1
'moneylaundering',2
'deposit',2
'greedy',1
'drop',2
'time',22
'customers',6
'cardless',1
'transactions',4
'terminologist',1
'traineeship',1
'stipend',1
'frankfurt',1
'germany',1
'paidinternship',1
'terminology',1
'internship',1
'intern',1
't9y',1
't9n',1
'xl8cpd',1
'alwathbainsurance',1
'fab',1
'firstabudhabibank',1
'installments',1
'paymentplan',1
'awnic',1
'scene',1
'investigation',1
'reconstruction',1
'induslndbank',1
'inclusion',1
'exclude',1
'pensioners',1
'learningdifficulties',1
'it',3
'mobility',2
'elrond',1
'esdt',1
'fined',1
'463k_euros',1
'data_breaches',1
'healthcaredelivery',1
'regulatory',3
'policies',1
'funding',16
'uzbekistan',1
'conflict',2
'neobank',1
'challengerbank',1
'gbssltd',1
'mortgageindustry',1
'mortgageprofessionals',1
'canadian',4
'tfl',1
'keepwalbrookopen',1
'stepfreeacces',1
'technicalanalysis',1
'attachmentofproperties',1
'eurasia',1
'ibwnews',1
'morningnews',1
'newsupdate',1
'telecom',5
'dot',1
'ubs',1
'asianmarkets',1
'businessupdate',1
'relianceindustries',1
'seoul',1
'shanghai',1
'could',1
'for',8
'first',1
'since',1
'ii',1
'banklocker',1
'studycafe',1
'jewelloan',1
'huafdirect',1
'25000mah',1
'backup',1
'export',2
'myanmar',1
'volumes',1
'turnover',1
'participation',1
'hni',1
'fii',1
'fpi',1
'mf',2
'institution',1
'cleanindia',1
'decentralized',5
'nationalbankofbelize',1
'belize',1
'architecture',3
'columns',1
'palmtrees',1
'neutralcashhubs',10
'africa',21
'cdalr',4
'cdnews',4
'united_states',4
'saudi_arabia',4
'gaza_strip',4
'jordan',4
'chile',4
'like',1
'biz',1
'animation',3
'dribbble',1
'behance',1
'invisionstudio',1
'b2b',2
'b2c',1
'ccm',1
'telco',1
'exfinra',1
'leaders',1
'sectors',1
'capitalone',1
'musicmonday',1
'newmusicalert',1
'newalbum',1
'newmusic',1
'newvideo',1
'newremix',1
'birthdaygirl',1
'mariahcarey',1
'latto',1
'ballislife',2
'docume',1
'myth12',1
'ne',1
'n209',1
'middletown_orange_county_new_york',1
'new_york_',1
'hudson_valley',1
'north',1
'wall',2
'terbaru',1
'action',1
'attempts',1
'aapakistan',1
'pta',1
'grow',6
'sales',4
'australian',4
'offered',1
'runs',1
'snag',1
'iraq',1
'hussein',1
'hero',1
'rothschild',1
'payroll',1
'banknifty1',1
'knife',1
'killed',1
'udemy',6
'reconciliation',2
'own',3
'tokyo',2
'bankoftokyo',1
'vulnerability',1
'attackers',1
'variable',1
'fixedrate',1
'kills',1
'idfc',2
'aubank',1
'equitasbank',1
'powerpoint',1
'intermediate',1
'algebra',1
'unit',1
'unitebank',1
'future',16
'opportunity',2
'acquisition',2
'lunar',1
'lunarbank',1
'globiancepos',2
'qrpay',2
'paymentgateway',2
'platforms',1
'england',1
'ceojohnfurner',1
'wal',1
'businesstwitter',1
'injured',2
'occupation',2
'roscoepound',1
'trust',2
'tmcbank',1
'coffer',1
'fd',1
'town',1
'saltsecurity',1
'ssrf',1
'writeoff',1
'turningpoint',1
'holbeach',1
'vandalize',1
'pennsylvania',1
'hollywood',2
'bookclub',1
'womenshistorymonth',1
'banker',2
'author',1
'sunday',1
'philadelphia',1
'country',4
'poor',3
'spared',1
'rich',3
'sri',1
'worsens',1
'crisis',3
'lankan',1
'used',1
'rupees',1
'value',5
'dead',1
'died',1
'dhaka',1
'ida',1
'naira',2
'trending',8
'5g',2
'twitterspaces',1
'equipments',1
'apl',1
'ripple',4
'swift',1
'cyber',3
'qrcode',1
'paytm',1
'digitalindia',1
'wallet',3
'coming',1
'rezession',1
'shock',1
'viralpost',1
'ramnavami',3
'wishes',1
'homeloans',1
'homeconstruction',1
'shrine',1
'happyramnavami',1
'highreturns',1
'earlyinvestment',1
'arbe',1
'present',1
'securities',3
'automotive',4
'summit',1
'colombo',3
'building',3
'leader',1
'democratic',1
'नदिसँग',1
'किनारामा',1
'pushed',1
'river',1
'ram',1
'ramayana',1
'festivalofindia',1
'bankindia',1
'primecooperativebank',1
'interestrate',1
'maturity',1
'fds',1
'databreacher',1
'flag',1
'bidencrimefamily',1
'books',2
'testbank',2
'study',2
'studyin',2
'studygram',2
'studyblr',2
'studyabroad',1
'million',6
'studyabroa',1
'freedom',3
'yourwallet',1
'xinhua',1
'allthingsvintage',1
'folkart',1
'piggy',1
'handpainted',1
'pan',1
'scandal',1
'againstthewest',1
'mybank',1
'rabotut',1
'children',5
'science',4
'ipcc',3
'climatesolutions',2
'heswall',1
'asked',1
'byron',1
'meant',1
'nebo',2
'features',1
'flashlight',1
'light',2
'lumen',1
'omni',1
'realesate',1
'commercialrealesate',1
'wealthmanagement',1
'economics',6
'sydney',1
'ocean',2
'xyz',2
'domains',4
'protest',2
'iceland',1
'oligarchs',1
'russians',1
'renminbi',2
'ringgit',1
'tmrphoto',1
'fx',27
'usdnews',11
'cryptocurrencyexchange',2
'saudi',5
'mettisglobal',4
'mglink',3
'portal',3
'latestnews',3
'operations',7
'platform',3
'stops',2
'cryptocurrencies',7
'fiat',5
'unlike',1
'controlled',1
'currencies',4
'canceled',1
'denied',1
'ability',1
'agencies',1
'eurusd',9
'gbpusd',4
'usdjpy',4
'audusd',1
'commodity',4
'icymi',2
'newsalert',2
'economiccrisis',2
'rupee',3
'default',1
'saopaolo',2
'ankara',2
'rome',2
'equipment',3
'divercity',2
'diversity',3
'neweconomy',2
'brazil',5
'attention',3
'main',2
'the',9
'redbubble',2
'stickers',2
'tshirts',2
'mugs',2
'masks',2
'magnets',2
'cadjpy',1
'dxy',7
'banknotes',3
'papermoney',1
'aud',1
'xe',1
'audjpy',1
'gbpjpy',2
'eurjpy',1
'stilton',3
'stiltonarmy',2
'indianrupee',1
'inr',1
'usdtoinr',1
'bidenflation',2
'qe',1
'credit',11
'retirementplanning',2
'dollarupdate',2
'ada',6
'cardano',8
'cardanonft',4
'blockhain',4
'cnft',4
'cardanocommunity',4
'federalreserve',2
'wethepeople',1
'cbs11newsmidday',1
'stilt',1
'shib',3
'shibarmystrong',1
'stiltonmusk',1
'betting',1
'gambling',1
'slots',1
'cheese',1
'chess',1
'poker',2
'art',14
'damien',2
'dotty',2
'hirst8217s',2
'makes',2
'much',2
'sense',2
'british',25
'gbptry',1
'turkish',1
'gbpthb',1
'thai',1
'gbptwd',1
'gbpchf',1
'gbpsek',1
'swedish',1
'gbpkrw',1
'south',2
'gbpzar',1
'gbpsgd',1
'gbpsar',1
'gbppln',1
'polish',1
'gbpnok',1
'norwegian',1
'gbpnzd',1
'cad',2
'gbpmyr',1
'malaysian',1
'pips',1
'gbpils',1
'gbpinr',1
'gbphuf',1
'hungarian',1
'gbphkd',1
'hong',6
'gbpeur',1
'vertcoin',1
'wiltshire',1
'gbpdkk',1
'gbpczk',1
'gbpcny',1
'debtfree',1
'globaltrade',1
'realestate',27
'miami',2
'flashback',1
'reuters',1
'soviet',1
'hyperinflation',3
'mkt',1
'kindness',1
'complex',1
'fra',1
'remittance',1
'eurnews',4
'flevo24',1
'sensecap',4
'helium',4
'miner',4
'ravencoin',5
'ctdinl',1
'ukrainian',2
'products',1
'learning',1
'pattern',5
'reversal',1
'rsi̇',1
'divergence',1
'tradetip',1
'foreignexchange',1
'chineseyuan',1
'cny',1
'usdtocny',1
'btcusd',1
'strategy',7
'todaysmarket',1
'marketsnapshot',1
'farmmarketer',1
'crops',2
'livestock',1
'grain',1
'meats',1
'parslow',1
'hillock',1
'crytpo',1
'comscore',1
'measurement',1
'informationtechnology',2
'newsmedia',2
'martech360',2
'digitaladvertising',2
'digitalmarketing',4
'gas',3
'aluminium',1
'coal',3
'termsoftrade',1
'stirling',1
'hobbsnetwork',2
'hobbsoncro',2
'hobbspayday',2
'passiveincome',7
'hobbstoken',2
'paydaytoken',2
'highestdripcloneever',2
'fxrate',1
'exchangerate',3
'azadikaamritmahotsav',1
'old',1
'cost',2
'dutch',1
'nonprofit',1
'daryaft',1
'longform',1
'longreads',1
'imcevent',1
'rublo',1
'sustainable',2
'enablingtrust',1
'moneytransfer',1
'pakistanirupee',1
'currencyheatwaveapp',1
'moneyweb',1
'tradingcards',2
'worldeconomy',3
'coins',9
'gcf',1
'ica',1
'justafew',1
'btsjin',1
'encryption',1
'mdc2022',2
'mints',2
'currentnews',1
'lifetime',1
'childsupport',1
'checks',1
'appelscha',1
'pkrv',1
'tmrworld',1
'internetsecurity',1
'fxtrading',2
'tradingusd',1
'dailydose',1
'offshore',1
'bankofengland',2
'petrol',1
'lemon',1
'lemonade',1
'lemonprice',1
'lemonpricehike',1
'clients',4
'clientappreciation',1
'diquerydigital',1
'gsimarkets',1
'sterling',1
'ico',2
'ltc',1
'xrp',4
'cryptocurrencymarket',1
'barcelona',2
'scottishindependence',1
'ebay',11
'goldprices',11
'goldnews',11
'digitalcurrency',4
'distributedledgertechnology',4
'protocol',1
'globalnews',3
'emoonup',1
'rba',1
'lemontree',1
'tons',1
'goldreserves',1
'purplex',1
'token',23
'economies',1
'usdollar',1
'pakistanwins',1
'buildwealth',1
'perth',1
'perthproperty',1
'beresponsible',1
'doyourduty',1
'togetherwecan',1
'twitterpakistan',1
'smallbusiness',12
'realestateinvestor',3
'insiders',1
'clusterbuying',1
'economictimes',68
'strength',50
'swing',50
'daytrade',50
'alert',3
'signal',3
'canadawater',1
'long',1
'short',1
'change',1
'major',2
'thehindu',12
'businessline',11
'electricmeter',1
'technavio',1
'marketresearch',7
'articlepure',1
'land',3
'newpost',1
'guestpost',1
'animal',2
'parasiticides',1
'pharmaceuticals',1
'pharmacist',1
'pharmacy',1
'research',15
'journorequest',1
'prrequest',1
'bloggerrequest',1
'unrbrand',1
'chf',1
'theparallel',1
'nftart',7
'gamefi',1
'nftproject',6
'thefixedincome',1
'tfi',1
'mahavir',1
'celebration',1
'bond',3
'terms',1
'easy',2
'oklink',1
'cloudtechnology',1
'catering',1
'startups',15
'menu',1
'businessplan',1
'entrepreneurs',5
'analytics',8
'insights',7
'allgreen',1
'forsale',1
'tiktok',2
'digitalassets',4
'ethpriceanalysis',1
'ethusd',1
'ethermerge',1
'ether',1
'cfds',1
'guide',1
'prospecting',1
'customer',1
'success',17
'automation',1
'arkk',1
'fades',2
'outperform',2
'pauses',2
'selloff',2
'wrap',2
'goldencross',4
'zendesk',1
'novartis',1
'las',1
'kellogg',1
'greenland',1
'strategicminerals',1
'arcbest',1
'aclaris',1
'monetarypolicy',1
'sierra',1
'saopaulo',1
'sampa',1
'sampasky',1
'food',7
'farolsantander',1
'avenidapaulista',1
'riot',1
'emerging',2
'stricken',1
'humanitarian',1
'organizations',1
'grocery',3
'emergingmarkets',1
'donate',5
'ptc',1
'dhlexpressmalaysia',1
'malaysia',2
'cimb',1
'bankingsolutions',1
'globalmarket',1
'niche',9
'keywordresearch',9
'juniper',1
'marketanalysis',1
'marketupdates',1
'asx',2
'stockmarketinvesting',1
'broadcom',1
'ark',2
'chart',1
'dow',2
'aad',1
'support',10
'channel',3
'hh',1
'ビットコイン',2
'amcstock',1
'amcshortsqueeze',1
'recap',1
'pengameclassic',1
'strategise',1
'radio',1
'freestyles',1
'bloggers',2
'djs',1
'newyorkcity',1
'emcee',1
'jpm',1
'doubleline',1
'feb',1
'lithium',1
'congress',1
'realestateagent',1
'torontorealestate',2
'bitcoininfo',1
'kakao',1
'pay',1
'kakaopay',1
'cryptoinvestment',1
'levels',1
'smallbiz',3
'person',1
'human',4
'plant',2
'bazaar',1
'shop',2
'fruit',1
'mefi',1
'bnb',8
'bsc',10
'binanceblockchainweek',1
'cmc',1
'amcwelovethestock',2
'smartbusiness',3
'breakfast',1
'dba',2
'8216why',2
'agricultural',2
'bought',2
'invesco',2
'minute',2
'mish8217s',2
'marketupdate',2
'kevinhillre',1
'selling',2
'buyer',3
'advertise',3
'braziluscham',1
'flashes',1
'ftse',1
'inflationary',1
'loom',1
'over',1
'red',1
'woes',1
'active',3
'entities',2
'number',2
'remain',2
'newbuilding',1
'container',1
'lng',1
'ships',1
'drybulk',2
'containers',1
'teu',1
'digitisation',1
'shipping',1
'openseanft',2
'nftdrops',2
'solananfts',1
'polygon',2
'polygonnft',1
'forgemarketglasgow',1
'groupgeraud',1
'shoplocal',2
'workwear',1
'shopping',2
'quality',5
'bootseason',1
'estate',3
'inventory',7
'mortgagerates',1
'homebuying',2
'homeselling',1
'tlt',1
'maglio',1
'mmm',1
'hardhat',1
'transition',1
'bunkerprices',1
'oilmarket',1
'tradingtip',1
'dominance',1
'dazzbuzz',1
'goldprice',1
'pakistanimarket',1
'handmade',1
'skincare',1
'springtimemakersmarket',1
'localartists',1
'libertarianism',1
'marxism',1
'socialist',1
'communist',1
'keynesian',1
'rapid',1
'blogweb',1
'blogwebsite',1
'moneyflow',1
'braces',1
'shocks',1
'tbbd',1
'thebusinessbuilderdaily',1
'ashmont',1
'farmers',1
'altcoinnews',2
'evs',1
'evstocks',1
'techstocks',1
'marketnews',6
'wednesday',3
'decor',1
'homegarden',1
'addtocart',3
'ecommerce',4
'ecommercestore',3
'shopify',3
'win',4
'network',5
'claims',3
'sec',3
'big',2
'scarborough',1
'happy',2
'family',1
'brianmcintyrerealestate',1
'upi',2
'npci',2
'latestpost',4
'chrisdixon',1
'returns',1
'withlovemarketandcafe',1
'withlove',1
'cafe',1
'local',1
'la',1
'losangeles',3
'capitalgains',2
'ltcg',2
'sad_girls',1
'wine',1
'xauusd',2
'btctrading',1
'tether',1
'btcusdt',1
'litecoin',1
'capesize',1
'marketguru',1
'creativity',2
'entrepreneur',6
'dynamic',2
'competitive',2
'partner',1
'bceconomy',1
'brighousewestbusinesspark',1
'kelticcanadadevelopment',1
'fdr',1
'more',1
'competitor',1
'governmentbonds',1
'traded',1
'simpleeconomics',1
'repair',2
'car',4
'motor',2
'goodthing',1
'americans',1
'tank',1
'cfo',1
'aot',1
'wednesdaythought',4
'billboard',1
'independent',1
'buyers',1
'sellers',1
'thewallstreetjournal',11
'catch',1
'finally',1
'starting',1
'smallbusinesses',4
'advertising',1
'pr',1
'snowflake',1
'cdp',1
'datawarehouse',1
'vintagefair',1
'vintagefestival',1
'brocante',1
'privateequity',5
'performanceimprovement',1
'stripe',1
'voiceofeu',1
'domain',1
'io',1
'medications',1
'humidity',1
'temperature',2
'box',1
'thepackagingboxes',1
'medicine',2
'diy',1
'streetfood',1
'cardiff',2
'manipulation',1
'sci',1
'psu',2
'prajindustries',1
'uranium',1
'lender',8
'influencer',1
'franchise',1
'careers',1
'interviews',1
'cryptomindset',1
'cryptoeconomy',1
'cryptomarket',1
'bitcoininvestment',1
'bitcoinprice',1
'bitcointrader',1
'lockboxcapital',1
'lockboxideas',1
'askmeanything',1
'facebooklive',1
'zoom',1
'ophthalmology',2
'disorders',2
'drug',2
'mrb',5
'mrx',5
'marketresearchbazaar',5
'swollen',2
'knee',2
'insidedeniroteam',1
'deal',3
'offers',1
'saving',4
'ansargalleryqa',1
'supermarket',1
'dohaqatar',1
'groceries',1
'supermercado',1
'fresh',1
'foodie',1
'ansarsmile',1
'branding',1
'cardiac',2
'ablation',2
'bitcoinguru',1
'lithiumion',1
'marketsize',1
'marketshare',2
'europenews',1
'marketreport',1
'marketforecastreport',1
'imarcgroup',1
'industryanalysis',1
'industryreport',1
'researchreport',3
'defensive',2
'offensive',2
'gamingnews',1
'cryptogaming',1
'p2e',2
'industrial',3
'bioprocessing',2
'travel',4
'thinkorswim',1
'gains',4
'moon',1
'opthalmic',2
'occluder',2
'treasury',4
'labor',5
'naftzwebinar',1
'marketingtips',1
'hdfcltd',1
'vovolisting',1
'zambia',1
'online',7
'ticketing',1
'event',2
'foodies',1
'biscuits',1
'bakery',1
'fooditems',1
'foodbeveragestobacco',1
'squeeze',1
'coachingbusiness',1
'businesscoach',1
'pullback',1
'accelerate',1
'jaeyoungjun',1
'solar',4
'resultout',1
'q4fy22',2
'infosys',1
'q4',1
'expectation',1
'revenue',8
'margin',1
'full',1
'result',1
'pipeline',1
'gvr',1
'newreport',6
'newreleases',1
'constructionindustry',1
'natgas',1
'dicm2022',1
'content',3
'entertainment',4
'consumerpriceindex',1
'consumergoods',1
'managementconsulting',1
'housingprices',1
'haven',2
'provide',1
'safe',2
'infosecurity',1
'itsecurity',1
'ciso',1
'cybersecuritynews',1
'securitynews',1
'analyses',1
'metaverseworlds',1
'minerals',1
'switchtoev',1
'charzeblockevchargingstation',1
'marketplace',3
'place',1
'zedtwitter',2
'jigsaw',1
'puzzle',2
'jigsawpuzzle',1
'bird',1
'shoponline',1
'store',1
'discounts',1
'discount',1
'polypropylene',1
'3d',3
'printing',1
'chemicals',3
'chemicalfertilizers',1
'medical',1
'polymers',2
'pvc',1
'omron',1
'medicaldevices',1
'implantsandprosthetics',1
'chemicalindustry',2
'southeast',1
'fuel',3
'pumps',1
'diesel',2
'heavyequipment',1
'oems',1
'electricandhybridvehicles',1
'greatresignation',1
'staff',1
'enterprise',2
'computing',1
'quantumcomputing',1
'quantumphysics',1
'quantummechanics',1
'physics',1
'quantumentanglement',1
'qubits',1
'netflix',1
'lawsuit',1
'tfc',1
'alts',1
'financialmarkets',1
'marketindexanalysis',1
'ttc',1
'ttconsultants',1
'ipinsights',1
'patent',1
'virtual',5
'marketholiday',1
'paytmmoney',1
'memes',1
'cryptomemes',1
'chainpals',1
'electronic',1
'manufacturing',2
'materials',2
'chip',1
'shortage',1
'components',1
'arthroscopyinstrument',1
'arthroscopy',1
'instrumentals',1
'womenwhocode',1
'100daysofcodechallenge',1
'global_craft_beer_market',1
'expected',1
'cagr',4
'forecast',9
'size',4
'carboncaptureandsequestration',1
'charcoal',2
'environmentalsoilscience',1
'soilimprovers',1
'wildfireecology',1
'biochar',2
'softgel_capsules_market',1
'softgel',1
'capsules',1
'process',1
'outsourcing',2
'offshoring',1
'itoutsourcing',1
'businessprocess',1
'payrollservices',1
'administration',1
'businessandmanagement',1
'beers',2
'greenwich',2
'ale',1
'drinks',1
'properpub',1
'se10',3
'selondon',1
'pubs',2
'blackheath',1
'marketpub',2
'webinar',3
'facts',1
'energytransition',1
'energyefficiency',1
'marketoverview',1
'marketoutlook',1
'hydrocolloids',1
'foodhydrocolloidsmarket',1
'growthrate',1
'swot',1
'infectiousdiseaes',1
'healthy',2
'healthiertomorrow',1
'healthcare',5
'valuatesreports',2
'leadloudly',1
'planning',2
'saas',1
'plastics',1
'thermoforming',1
'moldmaking',1
'injectionmolding',1
'resin',1
'extrusion',1
'iotcloudplatform',1
'indmoney',1
'hand',1
'drawing',1
'skilled',1
'create',5
'prefilled',1
'syringes',1
'diabetes',1
'rheumatoid',1
'arthritis',1
'anaphylaxis',1
'cancer',1
'contractfurnitureandfurnishingmarket',1
'automationandprocesscontrol',1
'hr',2
'western',1
'moscow',1
'peripheral',1
'iv',1
'catheter',1
'oncology',1
'gastroenterology',1
'renaldiseases',1
'pediatric',1
'diseases',1
'infectious',1
'warehouse',1
'nexo',2
'dispensing',1
'machines',1
'application',1
'inpatient',1
'outpatient',1
'hysteroscope',1
'hysteroscopic',1
'myomectomy',1
'aquanee',1
'game',13
'coingabbar',1
'aqua',1
'nee',1
'tokens',4
'2022trends',1
'covid19impact',1
'cagreport',1
'hmg',1
'regulate',1
'friends',2
'furryfriends',1
'dogfriendlypub',1
'dogfriendlylondon',1
'dogfriednlypub',1
'greenwichmarket',1
'marketdoggie',1
'shortsale',1
'puts',1
'segment',1
'powys',1
'annotation',1
'tools',2
'techindustry',1
'technews',1
'techupdates',1
'algorithms',1
'datamining',1
'technologynews',1
'reach',1
'projected',1
'buildingandconstruction',1
'katreva',1
'playotelindore',1
'playotelinnsonash',1
'farmersbrunch',1
'farmer',1
'bhawarkua',1
'bitcoincash',1
'fibonacci',1
'chitosan',1
'vinylester',1
'snt',1
'status',1
'environment',7
'gasoline',1
'𝒟𝒾𝑒𝒷𝒪1',1
'𝒟𝒾𝑒𝒷𝒪37',1
'biofuel',1
'transportation',1
'marketingdigital',1
'realmadridchelsea',1
'journeyforsoil',1
'outarmy',1
'lalisa',42
'chemistry',1
'matrix',1
'cycle',1
'sentiment',1
'mathematics',1
'geometry',1
'patterns',1
'mensura',1
'pendere',1
'wisdom',2
'just',1
'tron',1
'trx',1
'closed',1
'batchmanagementsoftware',1
'italy',3
'hitslot',1
'igaming',1
'onlinecasino',1
'newmarket',1
'5gsecurity',1
'ford',1
'dfpi',1
'swastikaindia',1
'marketpuran',1
'puran',1
'marketfromzero',1
'investmentbanking',1
'openhigh',1
'risks',2
'safetyfirst',1
'protection',1
'nails',1
'cpr',1
'technologies',1
'journal',1
'marketreseaarch',1
'supportresistance',1
'priceaction',2
'ninjatrader',1
'ninza',1
'buffetssideboards',1
'cabinetsstorage',1
'companies',4
'ksrtc',1
'setback',1
'whole',1
'competition',4
'endorsing',1
'including',1
'shed',1
'stablec',1
'casinocoin',1
'casinoonline',1
'client',2
'blowerservicevideo',1
'tamilnewyear',1
'stp',1
'etp',1
'southindia',1
'wastewatertreatmentplant',1
'weeklymarketcompass',1
'retirement',6
'rental',1
'income',27
'retireyourway',2
'opinion',1
'srilankan',1
'srilankaprotests',1
'appearance',1
'backgroundcheck',1
'creativebusiness',1
'strengths',1
'faith',1
'abilitytofail',1
'abilitytosucceed',1
'irs',2
'australiavotes2022',1
'onpassive',2
'gofounders',1
'inequality',2
'ios',1
'app',1
'taxseason',2
'refundwiz',1
'download',1
'equitable',1
'divorce',3
'moroccan',1
'mckinsey',3
'casablanca',1
'biden',3
'potus',1
'budget',3
'middleclass',2
'spending',1
'ot40',1
'wa08',1
'economicgrowth',1
'hurts',1
'ration',1
'bags',1
'drive',2
'khawajasara',1
'transgender',2
'ramazan',1
'lgbtqia',1
'passive',2
'tiger',1
'tigress',1
'utility',1
'giveaways',3
'trilliondollarggovernmentcontracts',1
'governmentcontracts',1
'karwanna',1
'giveaway',4
'arab_crypto_hub',1
'mercado_libre',1
'renting',1
'properties',1
'residualincome',2
'millionaremind',1
'retired',1
'joebiden',1
'tcot',2
'maga',3
'letsgobrandon',1
'startupfund',1
'venturefund',1
'venturecapital',3
'breakingnews',1
'spx500',1
'brentoil',1
'armed',4
'collection',3
'issue',4
'plans',2
'virtualworld',1
'grant',2
'westmids',1
'poc',1
'socent',1
'loophole',1
'allows',1
'diamondtraders',1
'climatechange',1
'sustainability',4
'100m',1
'cryptoninjas',1
'ecosystem',4
'evm',1
'iost',1
'multichain',2
'push',1
'sets',1
'imf',1
'beltandroadinitiative',1
'after',1
'close',1
'double',1
'pantera',2
'raising',1
'soon',1
'panteracapital',2
'breach',3
'bridge',5
'mavis',3
'raised',3
'recover',3
'ronin',3
'sky',3
'defund',1
'things',2
'twitch',3
'myrightgift',2
'creator',2
'wishlist',2
'gift',2
'crowdfunding',3
'sponsor',3
'sponsorship',2
'moment',2
'give',2
'abloh',1
'gala',2
'remembering',1
'virgil',1
'nypd',1
'story',1
'crazy',2
'nonfungible',2
'creditrepair',1
'creditscore',1
'badcredit',3
'emergencysavings',1
'buildup',1
'etfs',5
'defichain',1
'earrings',1
'rescue',1
'donations',1
'puppet',1
'politicians',2
'ecocide',1
'death',1
'corporategreed',1
'civildisobedience',1
'climate',2
'refugees',1
'deaf',1
'athletes',3
'acknowledge',1
'equalityforall',1
'pool',1
'vccirclepremium',1
'raise',2
'businessfinance',1
'socialgood',2
'save',2
'ngos',1
'hope',1
'kznfloods',1
'plumberssupport',1
'relief',2
'iopsa',1
'plumbers',1
'blockchainfund',1
'mutual',2
'metamask',2
'with',4
'events',3
'activities',2
'queen',2
'jubilee',2
'applications',2
'apply',4
'queensjubilee',2
'platinumjubilee',2
'caregiver',1
'seva',1
'malta',1
'jobsmalta',1
'accelerator',2
'foreverforward',1
'googleforstartups',1
'flowers',2
'bees',2
'gulf',1
'lakh',1
'ministers',1
'ranju',1
'regain',1
'120m',4
'backed',4
'raises',4
'star',4
'ubisoft',7
'white',5
'mta',1
'nyc',5
'tokenized',1
'residential',1
'nftnews',2
'etoro',3
'investcorp',4
'mk',1
'refugee',1
'settlement',1
'egyptinnovate',1
'times',1
'blockchainnews',1
'restaurants',1
'restaurantindustry',1
'grants',2
'douman_sahand',6
'douman',6
'leading_investor',6
'womenowned',1
'mogilevich',1
'budapest',1
'orbán',1
'pence',1
'carlson',1
'russiantraitorcarlson',1
'solicitors',2
'historical',1
'authority',1
'nhs',1
'notrocketscience',1
'pension',1
'vc',8
'round',1
'teachers',1
'adf',4
'approves',4
'powerenergyproject',4
'djibouti',4
'eritrea',4
'sudan',5
'renewableenergy',5
'creative',1
'bristolhour',1
'bristolboz',1
'digitalasset',7
'ideg',3
'assetmanagement',10
'asset',357
'invested',3
'bonus',1
'connectinggreentalent',2
'renewablejobs',2
'carbonmarkets',1
'institutional',2
'launches',4
'lion',2
'capitalraise',1
'ipokrate',1
'assam',2
'northeasttoday',2
'northeasttodaymagazine',1
'assamcabinet',2
'healthinfrastructure',2
'upgradation',2
'jica',2
'imaging',1
'alphajwc',1
'indonesia',1
'southeastasia',1
'mediate',1
'housingcrisis',1
'hzn',2
'miota',1
'face',3
'mtrg',1
'netsnippet',1
'childvictims',1
'tuesdaythoughts',1
'theloanfund',1
'whitestarcapital',1
'coinbaseprime',1
'250m',2
'huobi',2
'kucoin',2
'lead',2
'others',2
'toncoin',2
'academictwitter',1
'academicchatter',1
'wetlands',1
'pollutants',1
'2b',2
'arabia',2
'firm',2
'from',2
'got',2
'jared',3
'kushner',3
'nyt',2
'sovereign',2
'roi',1
'α',1
'og',1
'etho',1
'cru',1
'bin',1
'gadgetgamenews',1
'astra',1
'seeks',1
'opensource',3
'scale',1
'sustain',1
'developer',1
'broadband',1
'cornwall',1
'ciosif',1
'businesses',2
'inspiring',1
'casestudies',1
'royalstrategicpartners',1
'1billionusd',1
'entity',1
'amsterdam',1
'luxembourg',2
'renewable',2
'announce',1
'gun',1
'holding',3
'hostage',1
'president',2
'republicans',3
'coronavirus',1
'greatermanchester',1
'recycling',1
'lipper',1
'mixedassets',1
'alternatives',2
'pensionfunds',1
'jesus',2
'antoniosantoro',1
'retweet',1
'encouragement',1
'thepositivitypush',1
'praise',1
'rejoice',1
'favor',1
'blessing',2
'publicist',1
'kingdom',1
'dego',1
'sure',1
'vcse',1
'blackled',1
'adb',1
'agartalasmartcity',1
'projects',1
'institutionalinvestment',1
'thegulf',1
'regulated',1
'tokenised',1
'course',1
'kenzoventures',1
'gagarin',1
'mena',1
'launched',1
'irishstartup',1
'caribbean',1
'vaccination',1
'nvventures',1
'dubai',5
'keystartupmoments',1
'fas',1
'hardman',1
'fidelityasianvalues',1
'fidelity',2
'capitalgrowth',1
'asiafund',1
'investmenttrust',1
'directorstalkinterviews',1
'moutai',1
'ngo',1
'regimechange',1
'its',3
'nftrelated',2
'ego',1
'hedge',1
'hedge_fund',1
'newscall',1
'declines',1
'hsbcs',1
'kong',5
'pagibig',2
'dailytribune',2
'giving',4
'billions',1
'to',2
'had',1
'doubts',1
'moneysmart',1
'comment',1
'startwith1',1
'filmtwitter',1
'gofundme',1
'standupforukraine',1
'need',1
'manager',3
'ft',1
'wtfdao',1
'keats',1
'shortfilm',1
'protect',2
'restore',1
'avenue',1
'avenuefund',1
'distributedledgertechnologydlt',2
'venture',10
'vebturecapital',1
'lisa',368
'makemoneyonline',2
'topguy',1
'personalfinance',8
'degentrader',1
'web3skills',1
'tradingsignals',2
'television',1
'fire',1
'mannkibaat',1
'habits',1
'twitternewbie',1
'thepennyhoarderteam',2
'cryptoalerts',1
'defiyield',1
'blogging',4
'writers',1
'eye',1
'allseeingeye',1
'graffiti',1
'graffitiart',1
'modernart',1
'streetart',1
'rune',1
'runebtc',1
'инвестиции',2
'биткойн',1
'torontocoinexpo',1
'poems',3
'quotestoliveby',2
'satoshi',1
'laughter',1
'quotes',5
'mondaythoughts',2
'quotesoftheday',2
'laughing',1
'poet',1
'motivationalquote',1
'mondayvibes',1
'adhd',1
'fridayvibes',2
'positivevibes',1
'fridaykiss',1
'fridaymotivation',1
'michaellewis',5
'tonyrobbins',1
'motivation',4
'techjunkieinvest',2
'retire',1
'financialplanning',4
'justice',1
'religion',1
'리사',2
'블랙핑크',2
'sg',1
'thoughts',1
'mindset',5
'bnpl',1
'consumercredit',1
'contentwriting',1
'copywriting',1
'copywriter',1
'contentcreator',1
'writingvswriter2022',1
'writer',1
'writingcommunity',1
'soap',1
'disabilities',1
'fear',1
'블랙핑크리사',1
'beats',1
'soundcloud',1
'swag',1
'anime',1
'links',2
'make',2
'sharing',2
'trap',1
'emergencyfund',1
'finances',4
'financialliteracymonth',2
'lifestyles',1
'myfamily',1
'chips',1
'blogengage',3
'rvz',1
'luzion',1
'lzn',1
'comedy',1
'personalfinances',1
'financialeducation',1
'𝗮𝗽𝗮𝗿𝘁𝗺𝗲𝗻𝘁𝗽𝗿𝗲𝘀𝗰𝗿𝗶𝗽𝘁𝗶𝗼𝗻',1
'𝘀𝗵𝗼𝘄',1
'financialiq',2
'sundaythoughts',1
'quoteoftheweek',1
'thursdaythoughts',1
'sundayvibes',1
'sundayfunday',1
'adhdtwitter',1
'sunset',1
'supportfraud',1
'freebet',3
'sports',4
'props',3
'east',1
'vanre',1
'vancouver',2
'luxuryhomes',2
'luxurylifestyle',1
'luxuryrealestate',1
'blackpink',23
'german',5
'steinmeier',1
'nordstream2',1
'insolvency',1
'licensedinsolvencytrustee',1
'askatrustee',1
'boalewood',1
'britishcolumbia',1
'immune',1
'washington',1
'modernslaves',1
'nftgallery',3
'nftartist',5
'nftindonesia',1
'nftcollections',1
'artwork',3
'digitalart',12
'goal',1
'6weekmoneychallenge',1
'capable',1
'understanding',1
'knowing',1
'your',1
'dividends',1
'gamers',1
'justoverbroke',2
'dough',1
'green',1
'gallery',1
'bot',1
'jobfairy',1
'bfa',1
'studio',1
'paid',1
'curator',1
'assistant',1
'viruses',1
'babyformula',1
'makemoney',2
'apps',1
'financialwellbeing',1
'airdrop',1
'shill',1
'dropnft',1
'nftgiveaways',1
'superfamily',1
'affiliatemarketing',1
'affiliate',1
'affiliatelink',1
'affiliates',1
'newbie',1
'workingmom',1
'workfromhomejobs',1
'workfromanywhere',1
'onlinebusiness',2
'optimumthinking',1
'parents',1
'savingmoney',1
'parenting',1
'herfiniq',1
'herfinancialiq',1
'jessicaperrone',1
'24ksocials',1
'lol',1
'wednesdayvibe',1
'treasure',1
'restaurant',2
'anxiety',1
'prosperity',1
'happiness',1
'bookboost',1
'bookbubble',1
'chickenbake',1
'costcoad',1
'swagin',1
'boutawinthisgiveaway',1
'imh',1
'pigs',1
'refund',1
'shit',1
'waste',1
'clowns',1
'sweetspot',1
'governments',1
'passion',1
'trueballers',1
'moneyteam',1
'handlelife',1
'moneymaker',1
'nevergiveup',1
'blessed',1
'ilovebasketball',1
'hardworkpaysoff',1
'working',1
'limitless',1
'quoteoftheday',1
'workfromhome',1
'basketball',1
'lifestyle',2
'grind',1
'photooftheday',1
'moneytalks',1
'susiecarder',1
'melanieclark',1
'costco',1
'guardian',1
'vip',1
'agents',1
'democracy',1
'capitolist',1
'friendly',1
'polygonnfts',1
'successful',1
'studentdebt',1
'topproducer',1
'topproducers',1
'buyahouse',1
'alternativelending',1
'mortgagelender',1
'privatelending',4
'nonqm',1
'athascapital',1
'networking',1
'milliontoken',1
'savebellbowlprairie',1
'opportunities',1
'retirementincome',1
'teachertwitter',1
'clearthelist',1
'autismacceptance',1
'teacherappreciationweek',1
'internationalconference',2
'keynotespeaker',2
'lasvegasevents',2
'money2conf',2
'marriage',1
'mommyhood',1
'iamsupermayi',1
'cryptogrunts',1
'cryptoart',2
'bscgems',3
'refinable',1
'nftcollector',5
'nftthailand',1
'eyes',1
'forextrader',1
'forexsignal',1
'tradingstrategy',1
'writing',1
'nekomask',1
'neko',2
'bitcoinmining',1
'dropapp',1
'crudeoil',2
'cult',1
'taxtips',1
'invoices',1
'estimates',1
'deluxe',1
'gamblingtwitter',4
'dfs',2
'prizepicks',2
'lfg',2
'discord',2
'nbaplayoffs',1
'nba',2
'terareum',2
'benjamingraham',2
'geico',1
'rideshare',1
'uber',1
'octopus',1
'nola',1
'check',2
'checkbook',1
'couple',1
'couplegoals',1
'chicago',2
'ramitsethi',1
'indexing',1
'vanguard',1
'ctxc',1
'ctxcusdt',1
'spot',1
'wealthdistribution',1
'richer',1
'evenricher',1
'moremoney',1
'tonsmoremoney',1
'filthyrich',1
'myths',1
'clanwars',1
'crl',1
'clash',1
'clashroyale',1
'honeygain',1
'ihm',1
'bettingtips',2
'tips',2
'greyhound',2
'bettingpicks',2
'horses',2
'cheltenham',2
'horseracing',2
'1xbet',2
'bettingtwitter',2
'easymoney',2
'paddy',1
'penalty',1
'flutterwave',1
'alphalotto',1
'omegawednesday',1
'winningnumbers',1
'hobby',1
'monetize',1
'monetization',3
'sidehustle',1
'etsy',1
'medium',1
'devs',2
'artists',3
'copy',1
'grab',1
'pathetic',1
'moneymoves',1
'young',1
'letstalkhospitality',1
'hotel',1
'april',3
'promotions',2
'hospitality',1
'tourism',1
'activity',1
'stolenelection',1
'cia',2
'fbi',2
'globalcrisis',1
'digibyte',1
'coronalockdown',1
'himalayansalt',1
'syndication',292
'taxworkshop',1
'taxpractitioners',1
'taxlaw',1
'talent',3
'socialchange',2
'socialcapital',1
'stevewozniak',1
'microprocessor',1
'population',1
'arm',2
'establishes',2
'specificknowledge',1
'smallbusinessfunding',2
'merchantcashadvance',2
'mca',2
'iso',2
'directfunder',2
'workingcapital',4
'isos',2
'merchantcapital',2
'smallbusinessowners',2
'tmsmart',4
'notforprofits',1
'headwinds',1
'tailwinds',1
'captivate2022',1
'privatelender',3
'conference',1
'zirp',1
'proposal',3
'fromtheprofessorsdesk',2
'pearlctheprof',2
'quotepearlc',1
'pearlcquotes',1
'think',1
'badattention',1
'takingnotes',1
'dealwithit',1
'pro',2
'thankyouforyourunderstanding',1
'dignitary',3
'lucrosus',1
'barbachowski',1
'explains',1
'benefits',1
'businessloan',1
'ens',1
'domainnameforsale',1
'nftcommmunity',2
'nftinvestor',1
'valuation',1
'kwos',2
'jeffersoncity',2
'creditunons',1
'subordinateddebt',1
'businesscredit',2
'businesslineofcredit',1
'trucking',1
'salon',1
'bigapple',2
'hudsonyards',2
'bpo',1
'contactcenter',1
'businessprocessoutsourcing',1
'whitehouse',1
'insurrection',2
'ceinvestments',3
'vermogensbeheer',3
'beleggen',3
'dji',3
'sme',3
'expansion',2
'uktech',4
'globalization',2
'bscgem',1
'dapps',1
'metaversenft',2
'metaxlauncher',1
'metawar',1
'deeptech',1
'gyms',1
'tokenization',1
'privatemarkets',1
'africa_business_radio',2
'investment_term',2
'liquidation',3
'bhubaneswar',4
'odisha',2
'credibility',2
'barriers',1
'essen',2
'essencg',2
'essencapgrowth',2
'mutualfunds',2
'company',3
'tradingforex',1
'consciousinnovation',1
'middleeast',1
'abudhabi',2
'wrong',19
'venezuela',1
'dailychallenge',3
'challenge',4
'miyako',1
'unicrypt',1
'777capital',1
'meme',1
'896x598',1
'artillery',1
'chechnya',1
'devastated',1
'grozny',1
'rocket',1
'unexploded',1
'capitalcollege',3
'mydubai',3
'sharjah',3
'السعودية',3
'الامارات',3
'ابوظبي',3
'الشارقة',3
'الكويت',3
'دبي',3
'deutschebank',1
'hedgefund',19
'portfoliomanagement',19
'vibrant',1
'largecaporiented',2
'marketcap',2
'sisinimesh',1
'usdc',2
'fin',1
'spac',1
'visitors',1
'nashville',1
'tn',1
'bbsr',1
'bhubaneswarfoundationday',1
'ଭୁବନେଶ୍ଵରପ୍ରତିଷ୍ଠାଦିବସ',1
'happybirthdaybhubaneswar',1
'74yearsofbhubaneswar',1
'odishatrails',1
'cityfacts',1
'bhubenswarfoundationday',1
'smartcity',2
'voice',1
'rating',2
'rafqathussain',1
'capecoralfl',1
'republican',2
'truckers',1
'innovate2022',2
'riskmitigation',1
'islamabad',1
'womeninbusiness',1
'austria',13
'dogoodthingstogether',1
'karlmarx',1
'audiobook',1
'idaho',1
'disability',2
'managinggeneralagents',3
'capitalism',1
'capitalists',1
'proletariat',1
'workingclass',1
'exploitation',1
'alienation',1
'productivity',2
'cogs',1
'dehumanizing',1
'dehumanization',1
'manda',1
'networks',1
'goblue',1
'unitedstates',2
'dc',1
'supplychains',1
'cyberrisk',1
'sebi',1
'kasmiri',1
'delhi',1
'mergers',1
'acquisitions',1
'proptech',2
'drama',1
'satan',1
'minority',1
'rural',1
'badactor',2
'dhanbad',1
'executivesandmanagement',1
'financialinstitutions',1
'thenetzerotransition',1
'puttru',1
'emobility',1
'beputtru',1
'crc',1
'recovery',4
'contact',1
'information',1
'domainnames',1
'cap',1
'uni',1
'ckm',2
'january6th',1
'financeexpert',1
'equitycrowdfunding',1
'crowdfund',1
'enterprises',1
'aditya',1
'birla',1
'filing',1
'overall',1
'book',19
'year',1
'approximately',1
'knowledge',1
'vroom',1
'terrible',1
'park',3
'lenders',1
'mentorship',1
'fantominsights',1
'corporations',1
'aima',1
'retailfx',1
'maldives',1
'godrejgroup',1
'asx200',1
'bank_albilad',1
'indices',1
'adani',1
'pharma',1
'traders',1
'gannscripts2022',1
'shyamcentury',1
'gann',1
'zeebusiness',1
'cnbcawaaz',1
'agenda',1
'africanamerican',1
'democrats',2
'sequoia',1
'seed',1
'aetoswire',1
'capitals',1
'taxi',1
'laws',1
'licence',2
'industries',1
'fool',1
'iwillnot',1
'saynone',1
'because',1
'foolery',1
'mywords',1
'anyways',1
'fools',1
'would',1
'trump',4
'mqmp',1
'karachites',1
'fundamentals',1
'empowerment',1
'invest101',1
'equality',1
'nobs',1
'thebag',1
'taxing',1
'gain',1
'popularity',1
'budgeting',1
'asitwas',1
'harrystyles',1
'crimesagainsthumanity',2
'simple',2
'indict',1
'prosecute',1
'fastrack',1
'trial',1
'punishment',1
'cut',1
'dry',1
'watctop100',1
'businessfunding',1
'businessloans',1
'linesofcredit',1
'redswancre',1
'tokenizedassets',1
'putinite',1
'putinites',1
'wrexham',1
'windows',1
'newwindows',1
'multifamily',2
'delinquent',1
'laborradiopod',1
'crefc',1
'cre',1
'preservation',1
'assistance',1
'landlords',1
'rradar',1
'hmrc',1
'المال',1
'رأس_المال',1
'connect',1
'impact',1
'smes',1
'249startups',1
'dgfa',1
'ushistory',1
'todaymeetstomorrow',2
'autosar',1
'nhtsa',1
'estonia',1
'mentors',1
'preseed',1
'asian',1
'coaching',1
'rouble',1
'iti',1
'analysts',2
'rtsindex',1
'control',2
'ofzgovernment',1
'prolim',1
'electricaldesign',1
'digitalmanufacturing',1
'thinkprolim',1
'plm',1
'insurers',1
'terrace',1
'district',1
'water',2
'potential',1
'high_class',1
'society',1
'leisurely',1
'waterpark',1
'multiplyassociates',1
'emergingtech',2
'innovative',1
'definews',1
'crabapple',1
'beijing',1
'bloom',1
'spring',6
'temperatures',1
'vigilant',1
'uca',1
'sama',1
'exemption',1
'unregistered',1
'receipt',1
'taxability',1
'bahri',1
'sacramento',3
'california',3
'pakeconomy',1
'frankvogel',1
'georgetown',1
'leverage',1
'indiastockmarket',1
'superttraderr',1
'intradaytrading',1
'lotsize',1
'hkd',1
'peg',1
'outflow',1
'lameduck',1
'ideas',1
'financinglease',1
'capitallease',1
'geo',1
'samaa',1
'aaj',1
'dunya',1
'baskets',1
'deeppockets',1
'lisbon',1
'glory',1
'valor',1
'genius',1
'arch',2
'bos',1
'chefe',1
'patrão',1
'tentree',1
'traveller',1
'pearlcquote',1
'bigheaded',1
'dowhat',1
'biggerthantheirhead',1
'capacity',1
'absence',1
'understandthat',1
'biggerpicture',1
'professor',3
'influence',1
'communities',1
'wheat',1
'thread',1
'lesson',1
'collaborative',1
'classroom',1
'proofofwork',1
'financed',1
'profitable',2
'gov',1
'hochul',1
'bills',1
'military_industrial',1
'for_profit',1
'contracts',1
'domestic',1
'extinct',1
'species',1
'bau',1
'artdeco',1
'behindyouskipper',1
'امپورٹڈ_حکومت_نامنظور',1
'routine',1
'programmanagement',1
'fiscalyear',1
'celsius',1
'tartle',1
'code',1
'traits',1
'macro',1
'rishisunak',1
'sajidjavid',1
'nondom',1
'citizensofnowhere',1
'rulingclass',1
'biotech',1
'gotgold',1
'herndon',1
'herndoncapital',1
'workers',1
'festival',1
'wales',1
'summervibes',1
'airports',2
'deals',1
'privatecapital',1
'pep',1
'ofac',1
'doj',1
'ice',1
'forward',1
'forwardcapital',1
'grave',1
'civilian',1
'ukrainians',2
'found',1
'buzova',1
'liberated',1
'village',1
'occupied',1
'localofficial',1
'said',1
'costs',1
'sundayanalysis',1
'elephants',1
'subscriptionsignal',1
'pressout',1
'givebirth',1
'riri',1
'baby',1
'illuminati',4
'dr',1
'apostle',1
'goddess',1
'advocate',1
'2dan',1
'intraining',1
'exports',1
'firsttrainride',1
'upat330am',1
'washingtonmemorial',1
'africanamericanmuseum',1
'worethemout',1
'criminalenergy',1
'definitelynot',1
'bigenergy',1
'moralsickness',1
'quotingwrong',1
'illegalact',1
'bernardkerik',1
'trumpcrimefamily',1
'guilty',1
'capitol',1
'yep',1
'corporatism',1
'europeanunion',1
'diplomatic',1
'neighboring',1
'tekcapital',1
'uip',1
'university',1
'globalnetwork',1
'provemycase',1
'period',1
'akron',1
'ohio',1
'drugs',1
'epidemic',1
'overdoses',1
'risen',1
'withdrew',1
'homes',1
'suburbs',1
'drivers',1
'traffic',1
'puri',1
'odishamoparivar',1
'indigenous',1
'exploration',1
'indigenouspeoples',1
'imd',1
'vice',1
'steps',1
'underworld',1
'arts',1
'collectibles',3
'tokenize',1
'exchanges',1
'mmpro',4
'pixelart',9
'itchio',8
'rpg',9
'rpgmaker',8
'jrpg',8
'indiegame',12
'indiegamedev',12
'indiegames',8
'pixelfun',8
'pixel',8
'badnews',1
'khazarianmafia',1
'edit',2
'minting',2
'cgtrader',1
'blender',4
'render',2
'prop',9
'pbr',1
'farm',6
'house',2
'lowpoly',2
'garage',1
'solana',2
'trusts',1
'estateplanning',2
'estates',1
'screenshotday',1
'unrealengine',12
'ue4',1
'ue5',1
'scifi',1
'modular',1
'spaceship',1
'tag',2
'rfid',7
'dogeparty',1
'answear',9
'successafrika',1
'late',8
'3dart',9
'gameart',8
'fantasy',8
'iron',3
'metal',2
'sword',1
'blade',1
'wood',8
'leather',1
'melee',1
'weapon',4
'theharbinger',8
'bdsgaming',8
'wooden',7
'spear',1
'crafted',2
'arrow',1
'string',1
'twine',1
'bench',2
'table',2
'weapons',2
'rack',2
'broken',5
'damaged',5
'plank',1
'beam',1
'cross',1
'chain',2
'sureksu',2
'teamspicybubble',1
'videogames',2
'indie',3
'instagames',2
'unity2d',2
'2dart',2
'conceptart',2
'videogameart',2
'concept',2
'lab',2
'finalasset',2
'games',3
'greece',2
'trailer',1
'matreshkamagazine',1
'reputationmanagement',1
'brandingtip',1
'launchpad',1
'farmershive',5
'vineyard',2
'realtime',5
'emaas',5
'holder',2
'option',2
'spend',1
'accessstaffing',1
'jobsearch',1
'realestatejobs',1
'nycjobs',1
'financejobs',1
'emerson',1
'smartwater',1
'conditionmonitoring',1
'b3d',2
'blender3d',1
'modeling',2
'blenderart',1
'blenderrender',1
'medieval',1
'timelapse',1
'lsprenewables',1
'mrmint',1
'mnt',1
'filoxenia',1
'different',1
'newapproach',1
'fee',1
'gets',2
'maicapital',2
'manage',4
'nod',2
'sfc',2
'lifesciences',1
'flexibility',1
'strategicinnovationfund',1
'ofgemsif',1
'gfh',1
'gfhfinancialgroup',1
'tesco',1
'roebuckassetmanagement',1
'distributioncentre',1
'logistics',1
'distribution',1
'samsung',1
'discovery',1
'itsm',1
'ath',2
'important',1
'strategicpartnership',1
'solananft',1
'solanart',1
'utilico',1
'nmp',1
'jnctechlabs',1
'blockchaintechnology',1
'reducefriction',1
'reducecost',1
'bradgarlinghouse',1
'fintechcompany',1
'ripplelabs',1
'jncx',1
'sponsored',1
'sociaallinfluencer',1
'speculation',2
'transportationbusiness',1
'privatemoneylender',1
'receivablefinancing',1
'equipmentlender',1
'finance_magnates',1
'fm',1
'digitalaccess',1
'tradfi',1
'2d',2
'photoshop',1
'itch',1
'houseprices',1
'newsletter',1
'pm',1
'why',1
'bitconf',1
'class',3
'geopolitical',1
'stablecoins',1
'spacs',1
'businessvalues',1
'businessmindset',1
'businessgoals',1
'apr',2
'increasing',2
'fleet',3
'voxel',1
'voxelart',1
'instadex',2
'capitalloss',1
'imrankhan',1
'indians',1
'privateclient',1
'wills',1
'probate',1
'meetkevin',1
'noob',1
'vacation',3
'wsb',1
'earning',1
'gnpa',1
'nim',2
'moody',1
'bscnews',1
'cryptowinkle',1
'and',2
'completes',1
'italian',1
'united',1
'gmt',1
'grampians',1
'stawell',1
'starnaud',1
'voestalpine',1
'hbi',1
'production',1
'premiumdomains',1
'fourcharacterdomains',1
'0xx1',1
'1xx0',1
'ads',1
'inks',2
'launch',5
'munich',2
'onedegree',2
'reinsurer',2
'unityassetstore',2
'unity3d',5
'gamedevelopment',4
'gamejam',2
'kidsgame',2
'puzzlegame',1
'puzzles',1
'other',1
'salary',1
'debate',1
'godblessyou',1
'mises',1
'nofinancialadvice',1
'investmentstrategies',1
'crowdinvesting',1
'ibc',1
'transfers',1
'interchain',1
'module',1
'smartcontracts',1
'diversification',1
'qotd',1
'assessment',2
'custody',1
'gameplay',1
'playgame',1
'develop',1
'air',1
'mind',1
'adgm',1
'datacapture',1
'traceability',1
'aidc',1
'kushjayhind',1
'galleries',1
'kart',1
'upstream',1
'decarbonization',1
'carbonreduction',1
'anilambani',1
'rcap',1
'reliancecaptail',1
'nclt',1
'resolution',1
'plan',1
'coc',1
'administrator',1
'bids',1
'bidders',1
'consortium',1
'monetisation',1
'visakhapatnam',1
'port',1
'antiques',1
'kremlin',1
'misinformation',1
'gru',2
'treason',4
'partisanship',1
'soulsborne',1
'gamedevs',2
'gamemusic',1
'logo',1
'cryptowallet',1
'billionaire',1
'mexicos',1
'portion',1
'salinas',1
'yes',1
'worth',1
'richest',1
'man',1
'slproperties',1
'sweethome',1
'dreamhome',1
'memories',1
'villas',1
'apartments',1
'luxuryproperties',1
'premiumhomes',1
'courtyardhomes',1
'luna',1
'qredo',3
'swap',1
'qrdo',1
'crosschain',1
'elts',1
'tbr',1
'tyre',1
'liability',2
'microsoft',1
'xbox',1
'ey',1
'publishers',1
'creators',1
'data4business',1
'find',1
'ui',1
'gameasset',1
'background',1
'allocation',3
'universe',1
'hexicans',1
'hex',1
'pulsechain',1
'pulsex',1
'cryptofocused',3
'execs',3
'former',2
'logistic',1
'pcu',1
'projectreveal',1
'rarity',1
'puppeteer',3
'adapt',1
'bridgecap',1
'fairlaunch',5
'kycapproved',5
'infiltrate',1
'celer',2
'flow',2
'works',2
'fundmangement',1
'tutorial',1
'vtuberasset',1
'freevtuberassets',1
'vtuber最協決定戦',1
'vtubers',1
'eggs',1
'nftcollection',3
'coolcats',3
'coolpets',3
'nftcollectibles',2
'nftstories',2
'artcollector',2
'btc2022',1
'btcmiami2022',1
'nebforge',1
'valuable',1
'broke',1
'contract',2
'centralized',1
'qreed',1
'qredonian',1
'mental',1
'baseball',1
'mlb',1
'vegas',1
'revenge',1
'heart',1
'watch',1
'standardization',1
'wealthyteds',1
'madewithunity',1
'capitalization',1
'commission',1
'addition',1
'trumprussia',1
'illegal',1
'liquid',1
'vbtcreport',1
'moneymarket',1
'fcmb',1
'great',1
'donwtown',1
'enjoy',1
'day',1
'copies',1
'transferred',1
'marketmanipulation',1
'hotels',1
'hotelvalue',1
'hotelasset',1
'revenuemanagement',1
'hotelprofit',1
'evolution',1
'acc',1
'balance',1
'selfcoin',1
'globaleconomy',1
'paris',1
'nftcollectors',1
'artgallery',2
'emirates',1
'robinhood',1
'uncover',1
'elearning',1
'uptime',1
'sheq',1
'studentloans',1
'slime',1
'trpg',1
'illust',1
'illustration',2
'illustrationart',1
'イラスト',1
'ゲーム',1
'スライム',1
'画像素材',1
'素材',1
'アセット',1
'rugbyleague',1
'pitchcare',1
'notfinancialadvice',1
'decentralised',1
'downing',1
'natwest',1
'expenses',1
'movement',1
'pinksale',2
'aum',1
'flows',1
'category',1
'severance',1
'demand',1
'agri',1
'sha256',1
'codedoesntlie',1
'peoplelie',1
'trustcode',1
'trustalgorithm',1
'cryptoisfuture',1
'decentralization',1
'framework',1
'recurring',1
'robinhoods',1
'mmo',1
'gamer',2
'enjinmft',1
'multiverse',3
'enjin',1
'efifam',1
'collectible',5
'skater',2
'skate',2
'pandora',1
'capitalfinance',1
'lendingpartner',1
'commercialrealestate',1
'tracking',2
'threat',1
'minimobilehome',1
'guarantee',1
'rent',1
'masterstournament',1
'wfp',1
'fishyonadishy',1
'fraudulent',1
'scheme',1
'florida',1
'artbuy',1
'utilities',1
'simulationdigitaltwins',1
'feedback',1
'coleg',1
'edcolo',1
'copolitics',1
'spooky',1
'playlist',1
'goodmorning',1
'goodreads',1
'worldhealthday',2
'healthyplanet',1
'ourplanetourhealth',1
'healthwarrior',1
'fitindia',1
'worldhealth',1
'worldhealthorganization',1
'binarymetrix',1
'avatar',1
'vrchat',1
'pants',1
'sweatpants',1
'substancepainter',1
'true',1
'usd12billion',1
'zilch',1
'nothing',1
'binancesmartchain',1
'unitedkingdom',1
'freeze',1
'sberbank',1
'sanction',1
'interestratehikes',1
'centuryfinancial',1
'veve',1
'firesystems',1
'repericswalwell',1
'usefulidiot',1
'living',1
'assetdevelopments',1
'balancesheet',2
'artoftheday',1
'ampeak',1
'sustainabilityaward',1
'youradf',1
'pixeart',1
'assettracking',1
'livmate',1
'geolocations',1
'believe',1
'merge',1
'bloomberg',1
'remains',1
'rainbow',1
'summer',2
'sunny',1
'shuttleone',1
'smartchain',1
'tezos',1
'leak',1
'wastewater',1
'putins',1
'informationshare',1
'lobbying',1
'infographic',1
'internetofthings',1
'iiot',1
'ioe',1
'supplychain',1
'vaneck',1
'accountants',1
'taxtwitter',1
'exocat',1
'cryptoadz',1
'graphics',1
'daos',1
'gasfees',1
'nftlatam',1
'alternative',1
'cyberattack',1
'is',1
'largest',1
'overseeing',1
'last',1
'thursday',1
'founder',1
'larry',1
'fink',1
'sent',1
'letter',1
'stating',1
'that',1
'selection',1
'curation',1
'm2s',3
'm',1
'reward',2
'digitalconstruction',1
'bim',1
'datamanagement',2
'retirementsavings',1
'lifesavings',1
'annapolis',1
'maryland',1
'kittymemecoin',1
'whitepaper',1
'nithia',1
'creststeelandpowerpvtltd',1
'feature',1
'nithiacapital',1
'steelindustry',1
'globalinvestor',1
'steelproduction',1
'speculative',1
'dataarchitecture',1
'datagovernance',1
'buinessagility',1
'notion',1
'template',1
'database',1
'helpme',1
'depreciation',2
'agent',1
'glpi',1
'itil',1
'linux',1
'mcap',1
'ranking',1
'advances',1
'nii',1
'perservere',1
'strong',1
'solid',1
'innovator',1
'persistent',1
'magnus',1
'tory',1
'wiii',1
'boris',1
'channel4',1
'gfc2',1
'bubbles',1
'qt',1
'simplyrfid',1
'locate',2
'realdeal',1
'problem',1
'tuckercarlson',1
'kompromat',1
'beach',1
'santamonica',1
